sep=;
PARENT_WORKPLACE_NAME;PARENT_WORKPLACE_ADDRESS;PARENT_WORKPLACE_ZIP;PARENT_WORKPLACE_CITY;PARENT_WORKPLACE_PHONE
Aleris Voxnadalens Hälsocentral;Långgatan 59;82230;Alfta;0271-55500
Alfta Hälsocentral;Stationsgatan 3;82230;Alfta;0271-19600
Carema Vårdcentral Noltorp;Säterigatan 122;44156;Alingsås;0322-634140
Sävelången Familjeläkare och BVC;Ingaredsgatan 70;44165;Alingsås;0322-229800
Vårdcentralen Centrum;Kungsgatan 5;44130;Alingsås;0322-280150
Vårdcentralen Sörhaga;Södra Ringgatan 34 B;44183;Alingsås;0322-226550
Ängabo vårdcentral;Sundsbergsvägen 7;44150;Alingsås;0322-78200
Alnö Vårdcentral;Raholmsvägen 24;86531;Alnö;060-184800
Hälsocentralen Falken;Doktorsvägen 3;36075;Alstermo;0481-794600
Alunda vårdcentral;Parkvägen 8;74730;Alunda;018-6110310
Vårdcentralen Alvesta;Centralgatan 9 D;34230;Alvesta;0472-389200
Vårdcentralen Anderslöv;Sjukhemsvägen 11;23170;Anderslöv;0410-359770
Anderstorps vårdcentral;Storgatan 25;33421;Anderstorp;0371-584300
Familjeläkarna i Sverige AB;Brogatan 19;33433;Anderstorp;0371-584430
Aneby vårdcentral;Storgatan 29;57831;Aneby;0380-552700
Angereds Läkarhus;Kultivatorgatan 3;42465;Angered;031-7221183
Lövgärdets vårdcentral;Vaniljgatan 28;42445;Angered;031-7478550
Medical Center Vårdcentral;Angereds Torg 12;42465;Angered;031-466565
Vårdcentralen Angered;Angereds torg 5;42465;Angered;031-7479600
Vårdcentralen Lärjedalen;Bergsgårdsgärdet 89 B;42432;Angered;031-7478300
Ankarsrums Hälsocentral;Kungsvägen 40;59090;Ankarsrum;0490-50400
Grindberga Familjeläkarenhet AB;Österled 30;73245;Arboga;0589-86520
Åbågens Nya Vårdcentral;Österled 30;73245;Arboga;021-176500
Hälsocentralen Arbrå;Stationsesplanaden 10;82010;Arbrå;0278-38800
Arjeplogs vårdcentral;Doktor Wallquists väg 3;93090;Arjeplog;0961-14800
Din Doktor AB;Box 958;19505;Arlandastad;08-59511160
Vårdcentralen Arlöv;Svenshögsvägen 6;23238;Arlöv;040-6234100
Arvidsjaurs vårdcentral;;93383;Arvidsjaur;0960-57500
Kinnekullehälsan VC Arvika;Kyrkogatan 16 A;67132;Arvika;0570-727760
Vårdcentralen Verkstaden;Fabriksgatan 5-7;67126;Arvika;0570-712000
Askersunds vårdcentral;Torebergsvägen 15;69631;Askersund;0583-85700
Hovas Askim Familjeläkare o BVC;Askims Torg 5;43643;Askim;031-7279000
Vårdcentralen Askim;Datavägen 1;43632;Askim;031-7479300
Avesta vårdcentral;Avesta lasarett;77482;Avesta;0226-496270
Krylbo vårdcentral;Avesta lasarett;77482;Avesta;0226-496360
Skogsbo vårdcentral;Avesta lasarett;77482;Avesta;0226-496460
Backe hälsocentral;Lasarettsvägen 20;88050;Backe;0624-512060
Din Vårdcentral Bagarmossen AB;Lillåvägen 68;12845;Bagarmossen;08-6881551
Capio Vårdcentral Hagsätra;Hagsätra Torg 7B 2tr;12473;Bandhagen;08-12000990
Capio Vårdcentral Högdalen;Önskehemsgatan 22;12454;Bandhagen;08-12000880
Carema Vårdcentral Rågsved;Kumlagatan 15;12465;Bandhagen;08-55568000
Bankeryds vårdcentral;Sjöåkravägen 18;56431;Bankeryd;036-323800
Vårdcentralen Bokskogen;Biblioteksgatan 22;23040;Bara;040-6239460
Vårdcentralen Nygård;Storgatan 7;66630;Bengtsfors;0531-72510
Hamrånge hälsocentral;Solbergsvägen 5;81740;Bergby;0297-10510
Bergshamra Vårdcentral;Rosenlundsvägen 2;76010;Bergshamra;0176-328310
Bergsjö hälsocentral;Bållebergsvägen 5;82070;Bergsjö;0652-36600
Linden Din hälsocentral;C D Ekmans väg 37;82023;Bergvik;0270-73399
Säröledens Familjeläkare;Kungsporten 5 B;42750;Billdal;031-672260
Bjurholms Hälsocentral;Storgatan 16;91631;Bjurholm;0932-44102
Solklart vård;Box 106;26731;Bjuv;042-4902600
Vårdcentralen Söderåsen;Almgatan 1;26738;Bjuv;042-4060100
Läkarmottagning i Bjärnum;Algatan 12;28020;Bjärnum;0451-21405
Sundets Läkargrupp;Vikingavägen 1;23731;Bjärred;046-297370
Vårdcentralen Bjärred;Vikingavägen 1;23731;Bjärred;046-2752350
Bjästa vårdcentral;Harmonivägen 1;89330;Bjästa;0660-89950
Blomstermåla vårdcentral;Stationsgatan 2;38431;Blomstermåla;0499-20930
Bodafors Vårdcentral;Torget 1;57162;Bodafors;0380-553710
Björknäs vårdcentral;Idrottsgatan 3;96164;Boden;0921-66050
Erikslunds vårdcentral;Gammelängsgatan;96167;Boden;0921-66000
Vårdcentralen Sanden;Sturegatan 20 A;96133;Boden;0921-13003
Vårdcentralen Åkerbäret;Kungsgatan 22;96131;Boden;0921-50501
Bohuspraktiken;Göteborgsvägen 219;44537;Bohus;031-979540
Bolidens vårdcentral;Ringen 76;93631;Boliden;090-7859123
Vårdcentralen Bollebygd;Gästgivarevägen 8;51736;Bollebygd;033-289830
Aleris Hälsocentral Bollnäs;Sjukhusvägen 81;82131;Bollnäs;0278-622200
Vårdcentralen Borensberg;Hamnvägen 3;59031;Borensberg;010-1059800
Borgholms vårdcentral;Tullgatan;38721;Borgholm;0485-15120
Vårdcentral Domnarvet;Bergebyvägen;78473;Borlänge;0243-497000
Vårdcentral Läkarhuset;Gyllehemsvägen 10;78460;Borlänge;0243-228008
Vårdcentralen Jakobsgårdarna;Jaxtorget 7 A;78453;Borlänge;0243-497700
Vårdcentralen Kvarnsveden;Märkargatan 23;78466;Borlänge;0243-497920
Novakliniken Borrby;Kyrkostigen 2;27630;Borrby;0411-20515
Allékliniken Sleipner;Allégatan 39;50332;Borås;033-7246400
Herkules Vårdcentral;Västerlånggatan 1;50330;Borås;033-205770
Vårdcentralen Boda;Smörhulegatan 2;50742;Borås;033-6162101
Vårdcentralen Heimdal;Stengärdsgatan 22;50334;Borås;033-226100
Vårdcentralen Sjöbo;Sjöbo Torggata 4;50642;Borås;033-6161812
Vårdcentralen Södra Torget;Kvarngatan 4;50336;Borås;033-124880
Vårdcentralen Trandared;Kindsgatan 1;50450;Borås;033-102620
Vårdcentralen Boxholm;Centrumgatan 1;59011;Boxholm;010-1048600
Brandbergens vårdcentral;Jungfruns gata 416-419;13660;Brandbergen;08-6061400
Brastads vårdcentral;Läkarvägen 4;45431;Brastad;0523-18300
Vårdcentralen Braås;Sjösåsvägen 46;36042;Braås;0474-499820
Bredbyns vårdcentral;Olympiavägen 8;89530;Bredbyn;0661-654101
Capio Vårdcentral Bro;Broplan 3;19731;Bro;08-12001050
Capio Citykliniken Broby;Snapphanegatan 1;28060;Broby;044-7818040
Blackebergs Vårdcentral;Vinjegatan 8;16847;Bromma;08-4458840
BrommaAkutens Vårdcentral;Tunnlandet 1;16836;Bromma;08-50585400
Brommaplans vårdcentral;Klädesvägen 12;16876;Bromma;08-12340700
Riksby vårdcentral;Drottningholmsvägen 322;16731;Bromma;08-6877250
Tranebergs Vårdcentral;Tranebergsplan 1;16744;Bromma;08-6877000
Äppelvikens Läkarmottagning;Alviksvägen 39;16753;Bromma;08-253520
HälsoRingen Bromölla;Storgatan 58;29535;Bromölla;0456-48800
Brunflo hälsocentral;Gränsvägen 20;83431;Brunflo;063-142000
Medpro Clinic Brålanda VC;Törnrosgatan 14;46461;Brålanda;0521-723500
Bräcke Hälsocentral;Norrlandsgatan 19;84060;Bräcke;0693-16610
Bräkne-Hoby vårdcentral;Parkvägen 4;37010;Bräkne-Hoby;0457-731820
Brämhults vårdcentral;Tvinnargatan 19;50730;Brämhult;033-202860
Vårdcentralen Brösarp;Brunnsviksvägen 4;27350;Brösarp;0414-397600
Vårdcentralen Bunkeflo;Klagshamnsvägen 46;21837;Bunkeflostrand;040-6234780
Bureå Hälsocentral;Nygatan 9 B;93251;Bureå;0910-770960
Burträsk Hälsovård;Björnåkersgatan 10;93731;Burträsk;0914-10540
Byske hälsocentral;Ringvägen 8;93047;Byske;090-7859118
Medpro Clinic Bålsta vårdcentral;Centrumleden 2;74632;Bålsta;0171-417300
Capio Citykliniken Båstad;Köpmansgatan 42;26931;Båstad;0431-471400
Vårdcentralen Bäckefors;Dalslands sjukhus;66888;Bäckefors;0530-66700
Eda vårdcentral;Petersborgsvägen 1;67332;Charlottenberg;0571-28400
Dalarö vårdcentral;Odinsvägen 20;13770;Dalarö;08-50150480
Vårdcentralen Dalby;Skolgatan 1;24752;Dalby;046-2751700
Vårdcentralen Dalsjöfors;Uppegårdsgatan 2;51634;Dalsjöfors;033-272410
Vårdcentralen Dalum;Dalatorget 5;52025;Dalum;0321-32248
Kvartersakuten Mörby Centrum;Svärdvägen 3 B;18233;Danderyd;08-55588300
Mörby vårdcentral;Box 48;18211;Danderyd;08-58754349
Vårdcentralen Degeberga;Brädes Väg 5;29731;Degeberga;044-3090510
Pilgårdens vårdcentral;Pilgatan 2;69330;Degerfors;0586-48800
Vårdcentralen Deje;Älvdalsvägen 17;66930;Deje;0552-44100
Delsbo-Friggesund Din HC;Björkgatan 3;82060;Delsbo;0653-714000
Djurö vårdcentral;Björkåsvägen 11;13973;Djurhamn;08-57154425
Djursholms Husläkarmottagning;Gudmundvägen 9;18269;Djursholm;08-58754310
DjursholmsDoktorn;Vendevägen 85 A;18264;Djursholm;08-7532000
Domsjö vårdcentral;Sundsvägen 11;89232;Domsjö;0660-292600
Dorotea sjukstuga;Nygatan 19;91731;Dorotea;0942-25100
Vårdcentralen Edsgärdet;Storgatan 7;66830;Ed;0534-62110
Edsbyns hälsocentral;Sporthallsvägen 2;82833;Edsbyn;0271-27250
Achima Care AB Ekeby;Storgatan 46;26051;Ekeby;042-4060920
Ekerö Vårdcentral;Bryggavägen 8 2tr;17831;Ekerö;08-56037500
Veritaskliniken;Bryggavägen 8;17831;Ekerö;08-56441040
Vårdcentralen Ekshärad;Postvägen 1;68050;Ekshärad;0563-47901
Eksjö vårdcentral;Lasarettsvägen;57533;Eksjö;0381-35000
Emmaboda Hälsocentral;Rådhusgatan 14;36130;Emmaboda;0471-18500
Enebybergs vårdcentral;Eneby torg;18248;Enebyberg;08-58754870
Doktor Wahlunds läkarmottagning;Box 1032;74527;Enköping;0171-30506
Enköpings husläkarcentrum;Kungsgatan 71;74536;Enköping;0171-418294
Enköpings vårdcentral;Korsängsgatan 42;74949;Enköping;0171-418330
Carema vårdcentral Gubbängen;Gubbängstorget 114;12245;Enskede;08-55599400
Stureby vårdcentral;Tussmötevägen 181;12264;Enskede;08-6865472
Dalens Vårdcentral;Åstorpsringen 6;12131;Enskededalen;08-6865200
Vårdcentralen City;Mälarsjukhuset;63188;Eskilstuna;016-104072
Vårdcentralen Ekeby;Ekebyvägen 1;63223;Eskilstuna;016-104900
Vårdcentralen Fristaden;Rademachergatan 1;63220;Eskilstuna;016-5411200
Vårdcentralen Fröslunda;Lindängsvägen 2;63231;Eskilstuna;016-104205
Vårdcentralen Skiftinge;Mälarsjukhuset;63188;Eskilstuna;016-103000
Vårdcentralen Smeden;Björksgatan 1;63221;Eskilstuna;016-104700
Vårdcentralen Tunafors;Sveavägen 21;63188;Eskilstuna;016-103000
Vårdcentralen Kärråkra;Trollenäsvägen 2;24135;Eslöv;0413-351200
Vårdcentralen Tåbelund;Solvägen 33;24131;Eslöv;0413-351200
Familjeläkarna Mitt Hjärta;Bergslagssjukhuset;73781;Fagersta;0223-47300
Familjeläkarna Falkenberg;Nygatan 64;31131;Falkenberg;0346-715050
Laurentiuskliniken;Holgersgatan 25;31134;Falkenberg;0346-713535
VC Gruebäck & Hjortsberg;Box 113;31122;Falkenberg;0346-56239
Centralhälsan Vårdcentral;Bryngelsgatan 2 B;52143;Falköping;0515-717200
VC Kurhälsan Bräcke Diakoni;Mössebergsparken 34;52132;Falköping;0515-600800
Vårdcentralen Mösseberg;Danska vägen 62;52132;Falköping;0515-87890
Vårdcentralen Oden;Sankt Olofsgatan 8;52185;Falköping;0515-87860
Falu vårdcentral;Södra Mariegatan 18;79170;Falun;023-6616100
Vårdcentralen Britsarvet;Norra Järnvägsgatan 18;79135;Falun;023-491601
Vårdcentralen Norslund;Kopparvägen 29;79142;Falun;023-491910
Vårdcentralen Tisken;Myntgatan 8;79151;Falun;023-491000
Carema Vårdcentral Farsta;Munkforsplan 37;12347;Farsta;08-55555400
Farsta Akuten Curera;Karlandaplan 6;12347;Farsta;08-12344900
Fellingsbro vårdcentral;Torgvägen 3;71041;Fellingsbro;0581-628600
Filipstads Nya Vårdcentral;Viktoriagatan 6;68231;Filipstad;0590-650200
Vårdcentralen Filipstad;Box 304;68227;Filipstad;0590-18801
Närsjukvården i Finspång;Lasarettvägen 12-16;61237;Finspång;010-1030000
Skaftö Vårdcentral;Grönskult Sälvik 140;45034;Fiskebäckskil;0523-23220
Lekebergs vårdcentral;Vallgatan 17;71631;Fjugesta;0585-88333
Vårdcentralen Fjällbacka;Nestorsvägen 2;45740;Fjällbacka;0525-18500
Fjärdhundra vårdcentral;Simtuna Kyrkmalmen;74971;Fjärdhundra;0171-418460
Vårdcentralen Fjärås;Rajgräsvägen 1;43971;Fjärås;0300-565250
Vårdcentralen Centrum;Drottninggatan 1;64237;Flen;0157-24611
Vårdcentralen Flen;Orrögatan 10;64228;Flen;0157-18500
Vårdcentralen Floby;Storgatan 53;52151;Floby;0515-83880
Flöda vårdcentral;Rurik Holms väg 10;44830;Flöda;0302-37100
Familjeläkarna i Forserum;Lillsjövägen 12;57177;Forserum;0380-553445
Vårdcentralen Forshaga;Europavägen 4;66732;Forshaga;054-618918
Vårdcentralen Fristad;Tärnavägen 6;51333;Fristad;033-269080
Fritsla Vårdcentral;Förläggarevägen 29;51172;Fritsla;0320-72185
Fränsta vårdcentral;Mårtensvägen 9;84012;Fränsta;0691-251000
Frösö Hälsocentral;Önevägen 8;83251;Frösön;063-142300
Frövi vårdcentral;Järnvägsgatan 1;71830;Frövi;0581-84900
Funäsdalens hälsocentral;Rörosvägen 35;84095;Funäsdalen;0684-16060
Färgelanda vårdcentral;Håvestensvägen 1;45832;Färgelanda;0528-10810
Färila-Los Din hälsocentral;Annbacksvägen 14;82041;Färila;0651-21120
Hälsocentralen Färjestaden;Hantverkaregatan 7-9;38630;Färjestaden;0485-39100
Föllinge hälsocentral;Storgatan 12;83060;Föllinge;0645-10351
Vårdcentralen Förslöv;Färgerivägen 2 A;26091;Förslöv;0431-587150
Vårdcentral Gagnef;Box 4;78521;Gagnef;0241-498510
Gamleby hälsocentral;Gamleby Centrum;59431;Gamleby;0493-13023
Gammelstads Vårdcentral;Stadstorget;95431;Gammelstad;0920-284572
Vårdcentralen Getinge;Doktorsgatan 4;31044;Getinge;035-162470
Gimo Vårdcentral;Gimo torg 6;74743;Gimo;0173-41044
Familjeläkarna i Sverige AB;Ängsgatan 9;33230;Gislaved;0371-584450
Gislaveds vårdcentral;Norra Långgatan 25;33230;Gislaved;0371-584000
Vårdcentralen Gislehälsan;Regeringsgatan 20;33230;Gislaved;0371-14070
Vårdcentralen Gnesta;Nygatan 29;64635;Gnesta;0158-52400
Gnosjö Vårdcentral;Järnvägsgatan 49;33532;Gnosjö;0370-698000
Båstad Bjäre Läkarpraktik;Hålarpsvägen 10;26962;Grevie;0431-23230
Vårdcentralen Grums;Gamla vägen 89;66434;Grums;0555-43200
Grycksbo vårdcentral;Drottningvägen 1;79020;Grycksbo;023-491800
Gråbo Vårdcentral;Lundbyvägen 35-37;44342;Gråbo;0302-520500
Grängesbergs vårdcentral;Idrottsvägen 10;77232;Grängesberg;0240-495950
Gränna vårdcentral;Hävdevägen 31;56331;Gränna;036-324900
Carema Vårdcentral Grästorp;Jon Jespersgatan 28;46731;Grästorp;0514-704500
Gullspångs Vårdcentral;Hemgatan 12;54731;Gullspång;0551-28300
Skagerns Vård och Hälsoenhet;Hemgatan 10;54731;Gullspång;0551-20117
Gustavsbergs Vårdcentral;Odelbergs väg 19;13440;Gustavsberg;08-7187300
Värmdö Vårdcentral;Fenix väg 14;13444;Gustavsberg;08-41063110
Hälsocentralen Gäddede;Läkarvägen 6;83090;Gäddede;0672-10405
Vårdcentralen Forsen;Lasarettsgatan 65;98234;Gällivare;0970-19888
Novakliniken Gärsnäs;Malmövägen 84;27261;Gärsnäs;0414-50910
Andersbergs hälsocentral;Vinddraget 18;80277;Gävle;026-155550
Brynas Hälsocentral;Eriksbergsgatan 18;80284;Gävle;026-662331
Carema Hälsocentral Bomhus;Solgårdsgatan 2;80430;Gävle;026-4504750
Carema Hälsocentral Gävle;Kaserngatan 48;80130;Gävle;026-662180
Gävle Strand Din hälsocentral;Alderholmsgatan 7;80302;Gävle;026-637000
Hälsocentralen City;Drottninggatan 29;80311;Gävle;026-650300
Hälsocentralen Stortorget;Drottninggatan 6 2tr;80320;Gävle;026-157500
Strömsbro Hälsocentral;Gamla Bönavägen 19;80646;Gävle;026-157749
Sätra hälsocentral;Norrbågen 32;80631;Gävle;026-157777
Södertull Din hälsocentral;Kaserngatan 48;80253;Gävle;026-155531
Akutläkarna Stampen;Stampgatan 12-14;41101;Göteborg;031-208220
Allemanshälsans VC Landala;Karl Gustavsgatan 32;41131;Göteborg;031-3520620
Backa Läkarhus;Herkulesgatan 1G;41701;Göteborg;031-7442330
Bergsjön Vårdcentral;Rymdtorget 8;41519;Göteborg;031-7929400
Brämaregårdens Vårdcentral;Virvelvindsgatan 8 A;41702;Göteborg;031-7479530
Capio Citykliniken Lundby sjh;Wieselgrensplatsen 2 A;41717;Göteborg;031-657000
Capio Vårdcentral Axess;Södra Allégatan 6;41301;Göteborg;031-7250075
Capio Vårdcentral Gårda;Anders Personsgatan 12;41664;Göteborg;031-3523100
Din Klinik;Fridkullagatan 27;41262;Göteborg;031-444000
Familjehälsan Vårdcentral;Rullagergatan 4;41526;Göteborg;031-3000060
Fredriksdals Läkarhus;Mölndalsvägen 77;41263;Göteborg;031-7221190
Friskväderstorgets vårdcentral;Friskväderstorget 8;41838;Göteborg;031-7928700
Gibraltargatans Vårdcentral;Gibraltargatan 1 C;41132;Göteborg;031-7478700
Hagaklinikens Vårdcentral;Första Långgatan 16 3tr;41328;Göteborg;031-7018999
Järnhälsans vårdcentral;Järntorgsgatan 8;41301;Göteborg;031-7437750
Kvartersklinik Kungsportsläkarna;Kungsportsavenyn 10;41136;Göteborg;031-3399970
Kvarterskliniken Husaren;Husargatan 44;41122;Göteborg;031-3399970
Kvarterskliniken Lorensberg;Kungsportsavenyn 31-35;41136;Göteborg;031-3399303
Masthugget Familjeläkare och BVC;Andra Långgatan 48;41327;Göteborg;031-7938510
Nya Vårdcentralen Kortedala Torg;Tusenårsgatan 3;41510;Göteborg;031-437970
Nötkärnan Kortedala vårdcentral;Årstidsgatan 42-48;41513;Göteborg;031-7503100
Tuve vårdcentral;Tuve torg 4;41745;Göteborg;031-7478500
Vårdcentral Carlanderska;Carlanderska sjukhuset;40545;Göteborg;031-818080
Vårdcentralen Biskopsgården;Höstvädersgatan 1;41833;Göteborg;031-3665900
Vårdcentralen Bjurslätt;Bjurslätts Torg 6;41726;Göteborg;031-7478430
Vårdcentralen Björkekärr;Stabbegatan 2 B;41680;Göteborg;031-3450651
Vårdcentralen Ekmanska;Lillkullegatan 21;41274;Göteborg;031-7479260
Vårdcentralen Eriksberg;Sjöporten 4;41764;Göteborg;031-7479700
Vårdcentralen Gamlestadstorget;Gamlestadstorget 4 B15;41502;Göteborg;031-3450700
Vårdcentralen Hemlösa;Colin Campbells Plats;41104;Göteborg;031-3679611
Vårdcentralen Högsbo;Markmyntsgatan 14 A;41480;Göteborg;031-7478000
Vårdcentralen Kungshöjd;Kaserntorget 11 A;41118;Göteborg;031-7479000
Vårdcentralen Kungssten;Knipplagatan 2;41474;Göteborg;031-3450300
Vårdcentralen Kyrkbyn;Eketrägatan 3;41873;Göteborg;031-7478400
Vårdcentralen Läkarhuset;Södra Vägen 27 3vån;41135;Göteborg;031-818330
Vårdcentralen Majorna;Skärgårdsgatan 4;41458;Göteborg;031-7478200
Vårdcentralen Masthugget;Fjärde Långgatan 48;41327;Göteborg;031-7479220
Vårdcentralen Slottsskogen;Vegagatan 55;41311;Göteborg;031-3450580
Vårdcentralen Torpavallen;Torpavallsgatan 9;41673;Göteborg;031-7478101
Vårdcentrum Olskroken;Redbergsvägen 6;41665;Göteborg;031-3450400
Kinnekullehälsan VC Götene;Doktorsvägen 3;53330;Götene;0511-344590
Vårdcentralen Götene;Torggatan 4;53330;Götene;0511-30810
Vårdcentralen Habo;Kärrsvägen 37;56632;Habo;036-324800
Vårdcentralen Hagfors;Sjukhusvägen;68333;Hagfors;0563-47000
Hallens hälsocentral;Hallenvägen 41;83001;Hallen;0643-30210
Hallsbergs vårdcentral;Långängsvägen;69436;Hallsberg;0582-88000
Hallstahammar familjeläkarenhet;Vegagatan 1;73430;Hallstahammar;021-176700
Hallstavik vårdcentral;Carl Wahrens väg 24;76334;Hallstavik;0175-430210
Amadeuskliniken vårdcentral;Jutarumsvägen 8;30291;Halmstad;035-134560
Capio Citykliniken VC Halmstad;Brogatan 13;30243;Halmstad;035-161130
Viktoriakliniken Kungsgatan;Viktoriagatan 1;30246;Halmstad;035-136500
Vårdcentralen Andersberg;Skolgången 2;30255;Halmstad;035-162400
Vårdcentralen Bäckagård;Bäckagårdsvägen;30240;Halmstad;035-134304
Vårdcentralen Hertig Knut;Köpmansgatan 29;30242;Halmstad;035-134370
Vårdcentralen Nyhem;Långgatan 32;30249;Halmstad;035-134504
Vårdcentralen Vallås;Vallås centrum;30258;Halmstad;035-134565
Hammarstrands Hälsocentral;Box 121;84070;Hammarstrand;0696-682500
Vårdcentralen Lövnäs;Enbärsvägen 1;66341;Hammarö;054-618400
Utrikeshälsan;Storgatan 32;83070;Hammerdal;0644-10810
Handens Vårdcentral;Dalarövägen 6;13646;Handen;08-6061250
Rudan Vårdcentral;Dalarövägen 6;13646;Handen;08-6061104
Haparanda vårdcentral;Box 63;95322;Haparanda;0922-25100
Harads vårdcentral;Edestrandsvägen 4 A;96024;Harads;
Harmångers HC Hälsingeläkarna AB;Backvägen 3;82075;Harmånger;0652-36500
Heby vårdcentral;Brogatan 16;74432;Heby;018-6110750
Fjällhälsan Hede Vemdalen;Råndalsvägen 13;84093;Hede;0684-16000
Vårdcentral Södra Dalarna;Sturegatan 17;77691;Hedemora;0225-13200
Vårdcentralen Hedemora;Vinstravägen 2;77630;Hedemora;0225-496500
Hedesunda hälsocentral;Norra Stiftelsevägen 4;81040;Hedesunda;0291-10500
Berga Läkarhus;Rundgången 26;25452;Helsingborg;042-155000
Capio Cityklin Helsingborg Söder;Södergatan 11 A-C;25225;Helsingborg;042-173100
Capio Citykliniken Mariastaden;Engelska Gången 4;25451;Helsingborg;042-4507550
Capio Citykliniken Olympia;Bergaliden 18;25223;Helsingborg;042-372550
Centrumläkarna Adolfsberg;Södra Hunnetorpsvägen 58 B;25662;Helsingborg;042-151715
Vårdcentralen Drottninghög;Blåkullagatan 11 C;25457;Helsingborg;042-4060220
Vårdcentralen Husensjö;Skaragatan 102;25263;Helsingborg;042-4060500
Vårdcentralen Laröd;Travvägen 27;25286;Helsingborg;042-4060850
Vårdcentralen Närlunda;Närlundavägen 26;25275;Helsingborg;042-4060660
Vårdcentralen Planteringen;Öresundsgatan 9;25228;Helsingborg;042-4060560
Vårdcentralen Ramlösa;Elinebergsplatsen 5;25658;Helsingborg;042-4060600
Vårdcentralen Stattena;O D Krooks gata 53;25443;Helsingborg;042-4060400
Vårdcentralen Tågaborg;Tågagatan 38;25439;Helsingborg;042-4060820
Ödåkra Läkargrupp AB;Kanongatan 159;25467;Helsingborg;042-202470
Hemse vårdcentral;Hagagatan 30;62351;Hemse;0498-204650
Carema Vårdcentral Orust;Värdshusvägen 1;47334;Henån;0304-680100
Vårdcentralen Herrljunga;Horsbyvägen 16;52432;Herrljunga;0513-17720
Hindås vårdcentral;Box 134;43805;Hindås;010-4733890
Selmas Läkarhus;Lisa Sass Gata 12;42253;Hisings Backa;031-7221170
Vårdcentralen Backa;Rimmaregatan 2;42255;Hisings Backa;031-7427300
Kärra Vårdcentral;Lillekärr Södra 51;42531;Hisings Kärra;031-7478450
Hälsocentralen i Hjo;Fabriksgatan 1;54432;Hjo;0503-31200
Vårdcentralen Hjo;Karlsborgsvägen 4;54433;Hjo;0503-22700
Hälsomedicinskt center i Hjärup;Centrumstigen 1;24562;Hjärup;040-418000
Hofors hälsocentral;Box 66;81322;Hofors;0290-29710
Holmsunds hälsocentral;Himmelska Fridens torg 7;91331;Holmsund;090-7859103
By vårdcentral;Åsvägen 3;77467;Horndal;0226-496700
Vårdcentralen Horred;Varbergsvägen 432;51930;Horred;0320-30880
Hortlax vårdcentral;Dammbrovägen 1;94432;Hortlax;0911-75750
Hotings hälsocentral;Telegatan 8;83080;Hoting;0671-716650
Vårdcentralen Hova;Roslunds Väg 5;54832;Hova;0551-28300
Capio Vårdcentral Hovås/Billdal;Billdalsvägen 2;43655;Hovas;031-3523030
Flemingsbergs vårdcentral;Röntgenvägen 3 plan 7;14152;Huddinge;08-12342500
Huddinge vårdcentral;Paradistorget 4 2tr;14147;Huddinge;08-6086700
Stuvsta vårdcentral;Stuvsta torg 10;14140;Huddinge;08-57838400
Hudiksvalls hälsocentral;Kålhagsgatan 20;82452;Hudiksvall;0650-92008
Varvet hälsocentral;Varvsgatan 13;82450;Hudiksvall;0650-36500
Vårdcentralen Hultsfred;Centrumhuset;57730;Hultsfred;0495-15502
Hunnebostrands vårdcentral;Skolgatan 1;45661;Hunnebostrand;0523-39800
Sotenäs Vårdcentral;Skolgatan 19;45661;Hunnebostrand;0523-19970
Wasa City Klinik;Thulevägen 2;56132;Huskvarna;036-328800
Öxnehaga Vårdcentral;Oxhagsgatan 59;56150;Huskvarna;036-323000
VC Husum-Trehörningssjö;Bruksvägen 187 D;89631;Husum;0663-19900
Vårdcentralen Hyltebruk;Odengatan 1;31434;Hyltebruk;0345-18300
Axelsbergs vårdcentral;Axelsbergs torg 2;12938;Hägersten;08-57838600
Fruängens Vårdcentral;Fruängsgången 2;12952;Hägersten;08-4646401
Hällefors vårdcentral;Gillersvägen 20;71230;Hällefors;0591-68500
Vårdcentralen Johannesberg;Johannesbergsgatan 1;87131;Härnösand;0611-505800
Vårdcentralen Södra Sundet;Södra vägen 3-5;87140;Härnösand;0611-870700
Öbacka Vårdcentral;Kapellgatan 24;87160;Härnösand;0611-332300
Hässelby Vårdcentral;Box 3340;16521;Hässelby;08-6876020
Åkermyntans Vårdcentral;Lövkojsgränd 16;16575;Hässelby;08-12092200
Vårdcentralen Hästveda;Norra Kringelvägen 44;28140;Hässleholm;0451-298100
Vårdcentralen Solbrinken;Norra Kringelvägen 44;28140;Hässleholm;0451-298200
Vänhem vårdcentral;Frykholmsgatan 29;28131;Hässleholm;0451-298080
Vårdcentralen Delfinen;Stinsens Trädgårdsgata 21;26338;Höganäs;042-4060360
Vårdcentralen Sjöcrona;Decauvillegatan 2;26336;Höganäs;042-4060300
Högsby Hälsocentral;Dr Mobergers väg 6;57932;Högsby;0491-28300
Näsets Läkargrupp;Falsterbovägen 79 B;23651;Höllviken;040-459640
Hönö vårdcentral;Almvägen 1;47541;Hönö;031-962450
Vårdcentralen Hörby;Råbyvägen 41;24234;Hörby;0415-251300
Hörnefors vårdcentral;Bruksgatan 4;91020;Hörnefors;090-7859105
Vårdcentralen Höör;Storgatan 2;24330;Höör;0413-351100
Hälsocentralen;Skolgatan;82531;Iggesund;0650-92800
Vårdcentralen Ingelstad;Helenetorpsvägen 2;36044;Ingelstad;0470-589400
Björkhagens Vårdcentral AB;Halmstadsvägen 41;12153;Johanneshov;08-6865300
Carema Vårdcentral Gullmarsplan;Gullmarsplan 5;12140;Johanneshov;08-55505500
Jokkmokks vårdcentral;Lappstavägen 9;96231;Jokkmokk;0971-44453
Jordbro vårdcentral;Hurtigs torg 2;13764;Jordbro;08-6061450
Junsele vårdcentral;Forumvägen 4;88037;Junsele;0620-72068
Jämjö vårdcentral;Hammarbyvägen 6;37300;Jämjö;0455-735600
Barkarby Vårdcentral;Jaktplan 3;17563;Järfälla;08-12340800
Carema Vårdcentral Viksjö;Viksjöplan 47;17545;Järfälla;08-58732600
Jakobsbergs Vårdcentral;Birgittavägen 4;17731;Järfälla;08-12336349
Kallhälls Nya vårdcentral;Kopparvägen 2 B;17672;Järfälla;08-58722000
Vibblaby Husläkarmottagning AB;Vibblabyvägen 3 4tr;17764;Järfälla;08-58430250
Järna vårdcentral;Storgatan 13;15330;Järna;08-55025500
Vidarklinikens vårdcentral;Ytterjärna;15391;Järna;08-55150999
Hälsocentralen Järpen;Skolvägen 29;83005;Järpen;0647-16550
Järvsö hälsocentral;Stationsgatan 19;82040;Järvsö;0651-17230
Kungshälsans Vårdcentral;Huskvarna vårdcentrum;55185;Jönköping;036-323520
Rosenhälsans Vårdcentral;Huskvarna Vårdcentrum;55185;Jönköping;036-323550
Rosenlunds vårdcentral;Hermansvägen 5;55111;Jönköping;036-324400
Råslätts vårdcentral;Tornfalksgatan 11;55614;Jönköping;036-323700
Wetterhälsan;Batterigatan 9;55305;Jönköping;036-326677
Vårdcentralen Hälsan 1;Fabriksgatan 17 6tr;55185;Jönköping;036-325400
Vårdcentralen Hälsan 2;Fabriksgatan 17 4tr;55318;Jönköping;036-325800
Vårdcentralen Lokstallarna;Kortebovägen 6;55311;Jönköping;036-328900
Jörns hälsomottagning;Storgatan 33;93055;Jörn;0916-10291
Grytnäs vårdcentral;Vårdvägen;95251;Kalix;0923-76050
Kalix vårdcentral;Skolgatan 1;95232;Kalix;0923-76050
Kallinge vårdcentral;Gjutarevägen 3;37250;Kallinge;0457-731790
Berga Hälsocentral;Rimsmedsvägen 15 A;39352;Kalmar;0480-84831
Kvarnholmens Hälsocentral;Strömgatan 15;39232;Kalmar;0480-81960
Lindsdals hälsocentral;Förlösavägen 4;39365;Kalmar;0480-81900
Ljungbyholms vårdcentral;Länssjukhuset i Kalmar;39185;Kalmar;0480-81925
Norrlidens Hälsocentral;Två Bröders väg 1;39358;Kalmar;0480-81930
Sensia Vårdcentral i Kalmar;Tjärhovsgatan 1;39231;Kalmar;0480-700700
Smedby hälsocentral;Länssjukhuset i Kalmar;39185;Kalmar;0480-81870
Stensö Hälsocentral;Lasarettsvägen 1;39185;Kalmar;0480-81850
Vårdcentralen Karlsborg;Kärleksstigen 4 B;54630;Karlsborg;0505-18300
Brunnsgårdens Vårdcentral;Erik Dahlbergsvägen 30;37437;Karlshamn;0454-732680
Samaritens vårdcentral;Länsmansvägen 1;37441;Karlshamn;0454-732760
Baggängens vårdcentral;;69181;Karlskoga;0586-66010
Brickegårdens vårdcentral;Österleden 10;69152;Karlskoga;0586-66000
Karolina vårdcentral;Torget;69131;Karlskoga;0586-66850
Hälsohuset för alla;Västra Vittusgatan 4;37134;Karlskrona;0455-355500
Kungsmarkens Vårdcentral;Kungsmarksplan 3;37144;Karlskrona;0455-619400
Trossö vårdcentral;Stortorget 3;37131;Karlskrona;0455-735755
Tullgårdens Vårdcentral;;37185;Karlskrona;0455-735430
Vårdcentralen Gripen;Västra Torggatan 24;65224;Karlstad;054-615000
Vårdcentralen Herrhagen;Herrhagsgatan 68;65219;Karlstad;054-617010
Vårdcentralen Kronoparken;Universitetsgatan 3;65637;Karlstad;054-616935
Vårdcentralen Rud;Box 7106;65007;Karlstad;054-617245
Vårdcentralen Skåre;Centrumvägen 8;65350;Karlstad;054-617575
Vårdcentralen Västerstrand;Petersbergsgatan 27;65344;Karlstad;054-618710
Vårdcentralen Åttkanten;Åttkantsgatan 9;65225;Karlstad;054-145501
Vårdcentralen Linden;Djulögatan 66;64131;Katrineholm;0150-72200
Vårdcentralen Nävertorp;Kerstinbodagatan 37;64150;Katrineholm;0150-488600
Vårdcentralen Vår vårdcentral;Drottninggatan 4;64130;Katrineholm;0150-72500
Vårdcentralen Kil;Hälsostigen 1;66531;Kil;0554-42110
Hälsocentralen Kilafors;Stationsgatan 2;82330;Kilafors;0278-38850
Vårdcentralen Kinna;Kinnaborgsvägen;51157;Kinna;0320-30600
Vårdcentralen Graniten;Thulegatan 29;98131;Kiruna;0980-13155
Vårdcentralen Malmen;Thulegatan 29;98131;Kiruna;0980-73000
Vårdcentralen Kisa;Danboms väg 2;59036;Kisa;0494-75950
Familjeläkarna i Husby;Edvard Griegsgången 13;16432;Kista;08-7512500
Husby Åkalla Vårdcentral;Sibeliusgången 20 A;16477;Kista;08-6876677
Kista vårdcentral;Kista Galleria Trapphus 3 4tr;16491;Kista;08-6876370
Tibra Medica vårdcentral;Kistagången 22;16440;Kista;08-7510700
Capio Citykliniken Klippan;Norra Skolgatan 2;26433;Klippan;0435-29440
Vårdcentralen Klippan;Tingsgatan 22;26432;Klippan;0435-666300
Vårdcentralen Knislinge;Påls väg 2;28931;Knislinge;044-3090330
Knivsta Läkargrupp;Margaretavägen Walloxen;74144;Knivsta;018-346870
Knivsta vårdcentral;Ängbyvägen 8;74130;Knivsta;018-6116920
Knutby vårdcentral;Knutbyvägen 2;74012;Knutby;018-6110160
Hälsoringen Knäred;Prästgårdsvägen 5;31020;Knäred;0430-672000
Kolbäcks vårdcentral;Herrevadsvägen 7;73451;Kolbäck;0220-40415
Vårdcentralen Kolmården;Munkvägen 13;61830;Kolmården;010-1044710
Familjeläkarna i Kolsva;Bruksgatan 12;73030;Kolsva;021-176900
Kopparbergs vårdcentral;Bergmästaregatan 17;71431;Kopparberg;0580-88700
Läkarstationen Koppom;Doktorsvägen 2;67041;Koppom;0571-28400
Kramfors vårdcentral;Bruksgatan 12-14;87230;Kramfors;0612-86000
Capio Citykliniken Vårdcentral;Björkhemsvägen 15 C;29154;Kristianstad;044-190670
Kristianstadkliniken;Döbelnsgatan 9;29131;Kristianstad;044-280200
Vårdcentralen Näsby;Tvedegårdsvägen 4 B;29138;Kristianstad;044-3090100
Vårdcentralen Vilan;Genvägen 42;29159;Kristianstad;044-3090200
Vårdcentralen Vä;Ubbes väg 7;29165;Kristianstad;044-3090440
Vårdcentralen Östermalm;Österlånggatan 23;29133;Kristianstad;044-3090050
Östra läkargruppen;Björkhemsvägen 15 F;29154;Kristianstad;044-209130
Vintergatans Vårdcentral;Kungsgatan 31;68131;Kristinehamn;0550-775000
Vårdcentralen Kristinehamn;Sandbäcksgränd 2;68150;Kristinehamn;0550-86304
Vårdcentralen Nybble;Säbyallén 1;68192;Kristinehamn;0551-10272
Krokoms hälsocentral;Genvägen 5;83531;Krokom;0640-16600
Kumla vårdcentral;Norra Kungsvägen 10;69231;Kumla;019-6029120
Carema Husläkarna Kungsbacka;Nygatan 10;43430;Kungsbacka;0300-566766
Kungsbacka vårdcentral;;43480;Kungsbacka;0300-565240
Stenblommans Vårdcentral;Teknikgatan 18;43437;Kungsbacka;0300-565656
Vårdcentralen Kungshamn;Hvitfeldtsgatan 23;45631;Kungshamn;0523-39800
Kungsängens vårdcentral;Gamla Landsvägen 2;19630;Kungsängen;08-58732510
Kungsörs Vårdcentral;Torsgatan 12 A;73630;Kungsör;0227-41140
Centrumpraktiken;Triogatan 5;44234;Kungälv;0303-209300
Vårdcentralen Nordmanna;Nordmannatorget;44237;Kungälv;0303-379700
Vårdcentralen Solgärde;Rollsbovägen 58;44240;Kungälv;010-4733830
Njurunda vårdcentral;Affärsgatan 1;86231;Kvissleby;060-515300
Kvänums Vårdcentral;Sveagatan 2;53530;Kvänum;0512-786100
Tjörns vårdcentral;Syster Ebbas väg 1;47194;Kållekärr;010-4734600
Ekenhälsans vårdentral;Ekenleden 15 A;42836;Kållered;031-997766
Kållered Familjeläkare och BVC;Gamla Riksvägen 67;42832;Kållered;031-7931800
Kälarne hälsocentral;Tallgläntan 1 D;84064;Kälarne;0696-16660
Vårdcentralen Kävlinge;Kvarngatan 21;24431;Kävlinge;046-2752000
Mitt Hjärta Vårdcentral i Köping;Lasarettet;73130;Köping;0221-442400
Ullvi-Tuna Vårdcentral;Glasgatan 27;73130;Köping;0221-26570
Vårdcentralen Byjorden;Byjordsgatan 1;73133;Köping;0221-26620
Vårdcentralen Lagan;Värnamovägen 8;34014;Lagan;0372-584970
Hälsoringen Glänninge;Glänningeleden 5;31232;Laholm;0430-672050
Vårdcentralen Centrum;Hasselgränd;31231;Laholm;0430-15700
Vårdcentralen Lammhult;Lammengatan 6;36030;Lammhult;0472-594300
Landsbro vårdcentral;Valåkravägen 1;57012;Landsbro;0383-732510
Capio Citykliniken Landskrona;Östergatan 29;26134;Landskrona;0418-448880
Vårdcentralen Centrum;Box 514;26124;Landskrona;0418-651400
Vårdcentralen Norrestad;Silvergården 14;26143;Landskrona;0418-651500
Vårdcentralen Västra Fäladen;Pjäsgatan 4;26145;Landskrona;0418-651460
Hälsans Hus Vårdcentral;Milstensvägen 2;43835;Landvetter;031-919050
Vårdcentralen Landvetter;Centrumhuset;43832;Landvetter;010-4733700
Laxå Vårdcentral;Gamla Tivägen;69532;Laxå;0584-88200
Leksands vårdcentral;Rättviksvägen 5;79332;Leksand;0247-494900
Vårdcentralen Lenhovda;Oskarshamnsvägen 1-3;36073;Lenhovda;0474-694500
Vårdcentralen Lerum;Göteborgsvägen 9;44330;Lerum;0302-55100
Vårdcentralen Lessebo;Storgatan 67;36050;Lessebo;0478-794900
Lidens vårdcentral;Husåsvägen 18;86041;Liden;0692-10350
Vårdcentralen Lidhult;Torget 3;34010;Lidhult;035-2952400
Capio Vårdcentral Lidingö;Lejonstigen 2 2 tr;18132;Lidingö;08-55550300
Lidingödoktorn;Högsätravägen 2;18158;Lidingö;08-54481400
StadshusDoktorn Lidingö;Lejonvägen 15;18132;Lidingö;08-50554000
Torsviks vårdcentral;Herserudsvägen 5 B;18134;Lidingö;08-58755912
Vården i Centrum;Lejonstigen 4;18132;Lidingö;08-54481100
Vårdcentralen Guldvingen;Östbygatan 21-23;53137;Lidköping;0510-86900
Vårdcentralen Ågårdsskogen;Tallskogsvägen 2;53185;Lidköping;0510-85412
Vårdcentralen Likenäs;Krokbacksvägen 1;68063;Likenäs;0564-47951
Vårdcentralen Lilla Edet;Järnvägsgatan 8;46330;Lilla Edet;0520-488800
Lima vårdcentral;Skålmo 13;78064;Lima;0280-498400
Carema HC Limhamn/Bunkeflo;Järnvägsgatan 56;21616;Limhamn;040-362600
Vårdcentralen Limhamn;Järnvägsgatan 47-49;21614;Limhamn;040-6239590
Lindesbergs vårdcentral;Lindesbergs lasarett;71182;Lindesberg;0581 -85100
Lindome Vårdcentral;Box 109;43722;Lindome;010-4733920
Linghems Vårdcentral;Himnavägen 153;58565;Linghem;010-1059630
Johannelunds vårdcentral;Skogslyckegatan 5 B;58727;Linköping;013-225630
Kungsgatans vårdcentral;Kungsgatan 39;58218;Linköping;010-31035007
Lambohov Vårdcentral;Tröskaregatan 28;58334;Linköping;010-1059480
Skäggetorps vårdcentral;Skäggetorps Centrum;58644;Linköping;010-1059210
Tannefors vårdcentral;NyaTanneforsvägen 43 C;58242;Linköping;013-225500
Vårdcentralen Berga;Söderleden 35-37;58735;Linköping;013-225600
Vårdcentralen Ekholmen;Ekholmsvägen 7;58929;Linköping;010-1059620
Vårdcentralen Kärna;Kärnabrunnsgatan 10;58662;Linköping;010-1059470
Vårdcentralen Nygatan;Nygatan 35;58219;Linköping;013-229450
Vårdcentralen Ryd;Alsättersgatan 40;58432;Linköping;013-225370
Vårdcentralen Valla;Westmansgatan 25;58216;Linköping;013-225410
Lit hälsocentral;Sörevägen 8;83631;Lit;0642-44700
Läkarhuset Ljungby;Storgatan 19;34130;Ljungby;0372-15580
Vårdcentralen Kungshögen;Kungshögsgatan 25;34182;Ljungby;0372-585580
Vårdcentralen Sländan;Kungshögsgatan 25;34182;Ljungby;0372-585730
Vårdcentralen Smålandshälsan;Norra Torggatan 8;34130;Ljungby;0372-81900
Vårdcentralen Ljungbyhed;Infanterigatan 10-12;26070;Ljungbyhed;0435-666350
Ljungsbro Vårdcentral;Evastigen 9;59071;Ljungsbro;010-1059490
Ljungskile vårdcentral;Arendalsvägen 4;45931;Ljungskile;0522-29423
Ljusdals hälsocentral;Lasarettsgatan 1;82725;Ljusdal;0651-17000
Hälsocentralen Ljusne;Nygatan 6;82020;Ljusne;0270-65010
Vårdcentralen Lomma;Sandstensgatan 3;23434;Lomma;040-6234800
Färila-Los hälsocentral;Los Kyrkbyväg 100;82050;Los;0657-414105
Ludvika Norra vårdcentral;Ludvika lasarett;77181;Ludvika;0240-495100
Vårdcentralen Solsidan;Blomstervägen 11;77142;Ludvika;0240-495000
Bergnäsets vårdcentral;Producentvägen 10;97251;Luleå;0920-71661
Björkskatans vårdcentral;Höstvägen 7;97633;Luleå;0920-71900
Hertsö vårdcentral;Lillstrandsvägen 2;97451;Luleå;0920-71806
Mjölkuddens vårdcentral;Mjölkuddsvägen 75;97341;Luleå;0920-227760
Porsö vårdcentral;Professorsvägen 7;97751;Luleå;0920-71850
Stadsvikens vårdcentral;Robertsviksgatan 9;97241;Luleå;0920-284444
Vårdcentralen Hermelinen;Varvsgatan 53;97233;Luleå;0920-235300
Örnäsets vårdcentral;Storstigen 20;97432;Luleå;0920-71800
Capio Citykliniken VC Lund;Clemenstorget 5;22221;Lund;046-2700000
Carema Hälsocentral Lund;S:t Laurentiigatan 10;22221;Lund;046-2801440
Hälsocentralen Sankt Hans;Fäladstorget 22;22647;Lund;046-199300
Laurentii Klin Vårdcentral;Stora Södergatan 4;22223;Lund;046-2805700
Vårdcentralen Linero Östra Torn;Vikingavägen 31;22476;Lund;046-2752050
Vårdcentralen Måsen;Örnvägen 28 B;22732;Lund;046-2751950
Vårdcentralen Norra Fäladen;Fäladstorget 4;22647;Lund;046-2752100
Vårdcentralen Nöbbelöv;NöbbelövsTorg 1;22652;Lund;046-2752250
Vårdcentralen Sankt Lars;S:t Lars;22185;Lund;046-2752200
Vårdcentralen Södertull;Helgeandsgatan 16;22354;Lund;046-2751900
Lyckeby vårdcentral;Källevägen 12;37162;Lyckeby;0455-735500
Stenbergska hälsocentralen;Johan Skyttes väg 6;92131;Lycksele;0950-39000
Lysekils Läkarhus;Södra Hamngatan 4;45333;Lysekil;0523-459200
Lysekils vårdcentral;Lasarettsgatan 1;45334;Lysekil;0523-18000
Långshyttans vårdcentral;Solhemsvägen 11;77070;Långshyttan;0225-496610
Länna vårdcentral;Almungevägen 145;74011;Länna;018-6110150
Brahehälsan;Storgatan 27;24033;Löberöd;0413-545840
Vårdcentralen Löddeköpinge;Bagerivägen 15;24630;Löddeköpinge;046-2752150
HälsoRingen i Lönsboda;Bokelundsgatan 5;28070;Lönsboda;0479-25400
Vårdcentralen Löttorp;Löttorpsvägen 63;38074;Löttorp;0485-669250
Mellanbygdens hälsocentral;Skogstorpsvägen 12;93010;Lövånger;090-7859120
Malmbergets vårdcentral;Stallvägen 3;98332;Malmberget;0970-19710
Vårdcentralen Malmköping;Siegrothsvägen 14;64260;Malmköping;0157-18440
Capio Citykliniken Malmö Centrum;Studentgatan 1;21138;Malmö;040-350900
Capio Citykliniken Stortorget;Stortorget 9;21122;Malmö;040-350150
Capio Citykliniken Västra Hamnen;Stora Varvsgatan 1;21119;Malmö;040-6072100
Capio VC Malmö Singelgatan;Singelgatan 2;21228;Malmö;040-6002800
Husie vårdcentral;Höjagatan 21;21233;Malmö;040-6234700
Hälsocentralen Ellenbogen;Baltzarsgatan 23;21136;Malmö;040-6642550
Vårdcentralen Borgmästaregården;Albinsrogatan 1 A;21467;Malmö;040-6239200
Vårdcentralen Eden;Möllevångsgatan 44;21420;Malmö;040-6239100
Vårdcentralen Feelgood;Hans Michelsensgatan 9;21120;Malmö;040-102870
Vårdcentralen Flyktinghälsan;Rolfsgatan 5;21434;Malmö;040-6239700
Vårdcentralen Fosietorp;Ormvråksgatan 15;21562;Malmö;040-6234500
Vårdcentralen Fågelbacken;Fågelbacksgatan 13;21744;Malmö;040-6234900
Vårdcentralen Granen;Grangatan 11;21214;Malmö;040-6234200
Vårdcentralen Gullviksborg;Censorsgatan 1;21550;Malmö;040-6234600
Vårdcentralen Kirseberg;Simrisbanvägen 10;21224;Malmö;040-6234440
Vårdcentralen Kroksbäck;Norrbäcksgatan 20;21624;Malmö;040-6234040
Vårdcentralen Lindeborg;Orkestergatan 13;21585;Malmö;040-6234020
Vårdcentralen Lundbergsgatan;Lundbergsgatan 9;21751;Malmö;040-6234770
Vårdcentralen Lunden;Ystadsgatan 53 C;21444;Malmö;040-6239350
Vårdcentralen Rosengården;Bennets väg 8;21367;Malmö;040-6234300
Vårdcentralen Sorgenfrimott;Nobelvägen 56 B;21433;Malmö;040-6234660
Vårdcentralen Södervärn;Ahlmansgatan 12;21427;Malmö;040-6234330
Vårdcentralen Tömrosen;Bennets Väg 8;21367;Malmö;040-6234880
Örestadskliniken;Eddagatan 6;21767;Malmö;040-163200
Malungs Vårdcentral;Moravägen 14;78231;Malung;0280-498200
Malå sjukstuga;Storgatan 2;93070;Malå;0953-14200
Vårdcentralen Mantorp;Häradstorget 1;59018;Mantorp;010-1059820
Mariannelunds vårdcentral;Esmarchsgatan 1;57030;Mariannelund;0496-50110
Vårdcentralen Mariefred;Solvändan 3;64731;Mariefred;0159-29013
Kinnekullehälsan VC Mariestad;Carlbecksvägen 1 A;54232;Mariestad;0501-12170
Vårdcentralen Mariestad;Box 411;54224;Mariestad;0501-62500
Gränsbygdskliniken;Drottninggatan 3;28531;Markaryd;
Vårdcentralen Markaryd;Hallarydsvägen;28536;Markaryd;0433-564140
Vårdcentralen Kusten;Återvändsgatan 2;44030;Marstrand;0303-60142
Matfors vårdcentral;Skölevägen 19;86431;Matfors;060-149800
Vårdcentrum Mellerud;Norra Kungsgatan 3;46430;Mellerud;0530-20253
Vårdcentralen Mjölby;Smålandsvägen 24;59530;Mjölby;010-1059910
Vårdcentralen Moheda;Storgatan 2;34260;Moheda;0472-594350
Vårdcentralen Molkom;Skolgatan 3 A;66060;Molkom;0553-41900
Mora vårdcentral;;79285;Mora;0250-493701
Vårdcentralen Brinken;Sveavägen 32;59136;Motala;010-1059840
Vårdcentralen Lyckorna;Lasarettsgatan 37;59185;Motala;010-1059890
Vårdcentralen Marieberg;Mariebergsgatan 2;59172;Motala;010-1059850
Familjeläkarna i Sverige AB;Garverigatan 4;56533;Mullsjö;036-328300
Mullsjö vårdcentral;Kyrkvägen 1;56531;Mullsjö;0392-14320
Läkargruppen Munka Ljungby;Nygatan 4;26631;Munka-Ljungby;0431-431050
Munkedals Vårdcentral;Centrumvägen 34;45530;Munkedal;0524-28700
Vårdcentralen Munkfors;Tallåsvägen 6;68430;Munkfors;0563-47850
Munsö vårdcentral;Söderby gård;17891;Munsö;08-56050394
Märsta Läkarhus AB;Södergatan 19 C;19547;Märsta;08-56014100
Märsta Närvård;Södergatan 19 C;19547;Märsta;08-58884200
Sinusrytm vårdcentral;Porsgrunnsgatan 3 4TR;19530;Märsta;08-59908330
Valsta Vårdcentral;Hammargatan 6;19553;Märsta;08-12345200
Allemanshälsans VC Mölndal;Jungfruplatsen 2;43148;Mölndal;031-3520660
Carema Mölndals vårdcentral;Bergmansgatan 5;43130;Mölndal;031-878400
Krokslätts vårdcentral;Krokslätts Torg Fredåsgatan 13;43167;Mölndal;010-4733000
Åby Vårdcentral;Katrinebergsgatan 1;43121;Mölndal;031-862750
Crama vårdcentral;Mölnlycke Fabriker 5;43535;Mölnlycke;031-917363
Mölnlycke vårdcentral;Ekdalavägen 2;43530;Mölnlycke;010-4733610
Mönsterås Hälsocentral;Allégatan 1;38332;Mönsterås;0499-48930
Mörbylånga vårdcentral;Rönningevägen;38062;Mörbylånga;0485-49100
Mörlunda Hälsocentral;Doktorsvägen 6;57084;Mörlunda;0495-23640
Mörrumskliniken;Gungvalavägen 1;37533;Mörrum;0454-50560
Danviks vårdcentral;DanvikCenter 30;13130;Nacka;08-6015210
Ektorps vårdcentral;Lasarettsvägen 4;13183;Nacka;08-7186900
Forums vårdcentral;Romansvägen 12;13140;Nacka;08-7186010
Sickla Hälsocenter;Planiavägen 5-7;13134;Nacka;08-55674400
Allemanshälsans VC Nol;Noltorget;44942;Nol;031-3520680
Nora vårdcentral;Kvarnvägen 11;71331;Nora;0587-84345
Norberg familjeläkarenhet;Borgvägen 3;73830;Norberg;021-176800
Nordmalings vårdcentral;Hemvägen 10;91431;Nordmaling;090-7859104
Norrahammars vårdcentral;Postgatan 1;56232;Norrahammar;036-323900
Norrfjärdens vårdcentral;Vårdgränd 1;94532;Norrfjärden;0911-16788
Cityhälsan Centrum;Gamla Lasarettsgatan 18;60182;Norrköping;010-1059140
Cityhälsan Norr;Sandbyhovsvägen 19;60214;Norrköping;010-1059110
Cityhälsan Söder;Grundläggaregatan 2;60359;Norrköping;010-1059220
Kneippens vårdcentral;Kneippgatan 4;60336;Norrköping;011-190900
Skarptorps vårdcentral;Dalviksgatan 69;60380;Norrköping;011-190800
Vilbergens vårdcentral;Urbergsgatan 90;60356;Norrköping;011-215600
Vårdcentralen Medicinskt Centrum;Drottninggatan 56;60232;Norrköping;011-4152500
Vårdcentralen Östertull;Vikboplan 7;60229;Norrköping;010-1059330
Norrtälje Norra Vårdcentral;Lasarettsgatan;76129;Norrtälje;0176-328710
Norrtälje Södra vårdcentral;Kaserngatan 10;76146;Norrtälje;0176-328810
Roslagshälsan;Kaserngatan 1;76146;Norrtälje;0176-12800
Alby Vårdcentral;Albyvägen 2;14559;Norsborg;08-57837070
Fittja Vårdcentral;Fittjavägen 9 3tr;14551;Norsborg;08-12342800
Hallunda Vårdcentral;Hallunda torg 10;14568;Norsborg;08-12342300
Norsjö vårdcentral;Storgatan 33;93532;Norsjö;090-7859116
Vårdcentralen Nossebro;Ängsgatan 2;46531;Nossebro;0512-798400
Nybro Hälsocentral;Tunnelgatan 6;38230;Nybro;0481-44700
Nykvarns Vårdcentral;Centrumvägen 32;15530;Nykvarn;08-55025600
Vårdcentralen Bagaregatan;Bagaregatan 3;61185;Nyköping;0155-245000
Vårdcentralen Ekensberg;Hälsovägen 1;61160;Nyköping;0155-245540
Vårdcentralen Stadsfjärden;Gästabudsvägen 6;61131;Nyköping;0155-247980
Vårdcentralen Åsidan;Visornas väg 6;61139;Nyköping;0155-245211
Nylands Vårdcentral;Biskopsgatan 1;87052;Nyland;0612-771500
Nynäshamns Vårdcentral;Box 1005;14925;Nynäshamn;08-12066400
Nässjö Läkarhus;Mariagatan 30;57133;Nässjö;0380-552500
Nässjö Vårdcentral;Skansgatan 9;57137;Nässjö;0380-553170
Vårdcentralen Nyhälsan;Nyhemsgatan 6;57138;Nässjö;0380-552600
Hälsocentralen Näsum;Kyrkvägen 7;29574;Näsum;0456-20060
Näsåkers vårdcentral;Storgatan 21;88030;Näsåker;0620-19625
Nättraby Vårdcentral;Kyrkvägen 16;37024;Nättraby;0455-735720
Nödinge Vårdcentral;Klockarevägen 14;44930;Nödinge;0303-97770
Ockelbo hälsocentral;Sjöängsvägen 26;81630;Ockelbo;0297-572500
Odensbackens vårdcentral;Örebrovägen 26;71531;Odensbacken;019-6028400
Offerdals hälsocentral;Skolvägen 1;83051;Offerdal;0640-30010
Läkehjälpen Olofström AB;Jämshögsvägen 1;29334;Olofström;0454-733060
Vårdcentralen Olofström;Rösjövägen 10;29332;Olofström;0454-733100
Onsala vårdcentral;Mariedalsvägen 6;43930;Onsala;0300-569210
Orsa vårdcentral;Kaplansgatan 19;79430;Orsa;0250-498000
HälsoRingen Osby;Östra Järnvägsgatan 14;28341;Osby;0479-14840
Osby vårdcentral;Marklundavägen;28342;Osby;0479-898400
Blå kustens vårdcentral;Rösvägen 4;57251;Oskarshamn;0491-82090
Kristinebergs Hälsocentral;Ingenjörsvägen 28;57261;Oskarshamn;0491-782550
Slottsgatans Hälsocentral;Slottsgatan 8;57255;Oskarshamn;0491-782000
Vårdcentralen Oskarström;Parkvägen 4;31332;Oskarström;035-146200
Hälsocentralen Myrviken;Dalsätravägen 6 A;83024;Oviken;0643-445520
Vårdcentralen Oxelösund;Biblioteksgatan 2;61330;Oxelösund;0155-247001
Oxie Vårdcentral;Keramikvägen 3 C;23840;Oxie;040-6234990
Pajala vårdcentral;Kirunavägen 116;98431;Pajala;0978-10140
Vårdcentralen Furulund;Tingsvägen 2;43347;Partille;010-4733925
Vårdcentralen Partille;Kyrktorget 12;43333;Partille;010-4733300
Perstorps vårdcentral;Bryggaregatan 15;28432;Perstorp;0435-666330
Cederkliniken;Sundsgatan 42;94136;Piteå;0911-251251
Furunäsets vårdcentral;Modigs Gränd;94152;Piteå;0911-75975904
Piteå vårdcentral;Prästgårdsgatan 25;94132;Piteå;0911-73253
Vårdcentralen Björnen;Lillbrogatan 8;94132;Piteå;0911-10101
Vårdcentralen Påarp;Mullbärsgatan 10;25351;Påarp;042-4060900
Pålsboda vårdcentral AB;Norra Promenaden 5;69730;Pålsboda;0582-40191
Ramsele vårdcentral;Nipvägen 14;88040;Ramsele;0623-744213
Reftele vårdcentral;Skedesvägen 8;33021;Reftele;0371-584000
Husläkarna Rimbo Edsbro;Köpmannagatan 1 B;76231;Rimbo;0175-74100
Mellanbygdens hälsocentral;Vårdcentralen;91521;Robertsfors;090-7859121
Vårdcentralen Roma;Visbyvägen 33 B;62254;Romakloster;0498-204422
Capio Citykliniken Ronneby;Fridhemsvägen 15;37238;Ronneby;0457-34070
Ronneby vårdcentral;Götgatan 29;37232;Ronneby;0457-731400
Rottne vårdcentral;Löpanäsvägen 5;36040;Rottne;0470-589980
Vårdcentralen Ryd;Norra Hantverkaregatan 6;36010;Ryd;0459-594000
Rydaholms vårdcentral;Dahlgrens väg;33017;Rydaholm;0472-261700
Vårdcentralen Rydebäck;Frösögatan 19;25730;Rydebäck;042-4060550
Novakliniken Rydsgård;Västra Storgatan 2;27460;Rydsgård;0411-48980
Råneå vårdcentral;Klinikvägen 18;95531;Råneå;0924-57700
Vårdcentralen Råå;Kielergatan 23;25270;Råå;042-4060000
Rättviks vårdcentral;Box 13;79521;Rättvik;0248-494700
Rävlanda vårdcentral;Stationsvägen 3;43851;Rävlanda;0301-45255
Rödeby Vårdcentral;Movägen 4;37030;Rödeby;0455-735655
Salems Vårdcentral;Säbytorgsvägen 6;14442;Rönninge;08-55025700
Achima Care Sala Vårdcentral;Järnvägsgatan 7 A;73338;Sala;0224-58484
Sala Väsby FLE;Järnvägsgatan 7 A;73338;Sala;0224-58484
Familjeläkarna i Saltsjöbaden AB;Byvägen 52;13334;Saltsjöbaden;08-7170100
Fisksätra vårdcentral;Fisksätra Torg 20;13341;Saltsjöbaden;08-12342900
Saltsjöbadens vårdcentral;Torggatan 23;13331;Saltsjöbaden;08-12339262
Boo Vårdcentral;Edövägen 2;13230;Saltsjö-Boo;08-7475700
DoktorTeam Vårdcentral;Edövägen 2;13230;Saltsjö-Boo;08-7181000
Vårdcentralen Sandared;Strandvägen 11;51832;Sandared;033-258040
Hälsocentralen Sandviken Norra;Lasarettsleden 4;81189;Sandviken;026-278420
Hälsocentralen Sandviken Södra;Lasarettsleden 4;81189;Sandviken;026-278075
Manpower Hälsopartners HC;Plangatan 7;81139;Sandviken;026-149600
Segeltorps vårdcentral;Häradsvägen 254;14171;Segeltorp;08-57838580
Sigtuna läkarhus;Stora Gatan 56 B;19330;Sigtuna;08-12345100
Sigtuna Vårdcentral;Olofsgatan 1;19330;Sigtuna;08-59251600
Carema Hälsocentral Simrishamn;Sjukhuset i Simrishamn;27281;Simrishamn;0414-15050
Vårdcentralen Sjuntorp;Kyrkvägen 12;46178;Sjuntorp;0520-484200
Själevads vårdcentral;Sjukhemsvägen 2 B;89430;Själevad;0660-57530
Novakliniken Sjöbo;Norregatan 8 A;27530;Sjöbo;0416-26880
Qvinnohälsa Novakliniken Sjöbo;Norregatan 8 A;27530;Sjöbo;0416-26897
Vårdcentralen Sjöbo;Björkvägen 3;27531;Sjöbo;0416-497700
Näsets Läkargrupp Vårdcentral;Bäckatorget 7;23933;Skanör;040-459230
Skara Vårdcentral;Malmgatan 36;53232;Skara;0511-30630
Vårdcentralen Vilan;Skaraborgsgatan 49;53230;Skara;0511-700100
Vårdcentralen i Skarpnäck;Skarpnäcks Torg 7;12833;Skarpnäck;08-6053200
Skelleftehamns vårdcentral;Ursviksgatan 129 A;93232;Skelleftehamn;0910-725800
Anderstorp Hälsocentral;Anderstorpsleden 1;93156;Skellefteå;090-7859114
Erikslids hälsocentral;Annastigen 8;93170;Skellefteå;090-7859110
Heimdall vårdcentral;Köpmangatan 15;93131;Skellefteå;090-7859111
Kåge-Morö Backe Hälsocentral;Höjdgatan 14;93151;Skellefteå;0910-774902
Vårdcentralen Skene;;51181;Skene;0320-779301
Vårdcentralen Skepplanda;Albotorget 5;44640;Skepplanda;0303-337015
Skillingaryds vårdcentral;Ljungbergsgatan 2;56830;Skillingaryd;0370-379300
Skinnskattebergs familjeläkenhet;Kyrkvägen 1;73931;Skinnskatteberg;021-176640
Vårdcentralen Skoghall;Åråsvägen 1;66330;Skoghall;054-618400
Carema vårdcentral Skogås;Melodivägen 6;14240;Skogås;08-57838300
Skultuna vårdcentral;Västeråsvägen 32;73050;Skultuna;021-176625
Vårdcentralen Skurup;Lillgatan 3;27435;Skurup;0411-897500
Skutskärs vårdcentral;Lillängsgatan 8;81430;Skutskär;026-669808
Vårdcentralen Skänninge;Mjölbygatan 30;59633;Skänninge;010-1059810
Vårdcentralen Skärblacka;Stationsvägen 2;61732;Skärblacka;011-224400
Bredängs vårdcentral;Bredängstorget 5 4tr;12732;Skärholmen;08-57838500
Carema Vårdcentral Vårberg;Vårbergstorget 5;12743;Skärholmen;08-55568300
Skärholmens vårdcentral;Storholmsgatan 19;12748;Skärholmen;08-4495400
Sätra Vårdcentral;Kungssätravägen 33;12737;Skärholmen;08-57836700
Sköndals Husläkarmottagning;Bengt Bagares gränd 11;12866;Sköndal;08-50110160
Allemanshälsans VC Lunden;Lundenvägen 4;54139;Skövde;0500-789990
Vårdcentralen Billingen;Ekängsvägen 15;54140;Skövde;0500-447120
Vårdcentralen Centrum Skövde;Stationsgatan 10;54130;Skövde;0500-381850
Vårdcentralen Hentorp;Gröna vägen 40;54154;Skövde;0500-447070
Vårdcentralen Norrmalm;Ekängsvägen 15-17;54140;Skövde;0500-447150
Vårdcentralen Södra Ryd;Timmervägen 3;54164;Skövde;0500-466562
Slite Vårdcentral;Storgatan 79;62448;Slite;0498-204581
Vårdcentralen Slöinge;Björkgatan 3 B;31168;Slöinge;0346-57170
Smedjebackens vårdcentral;Box 508;77725;Smedjebacken;0240-495801
Familjeläkarna i Sverige AB;Centrumplan 8;33331;Smålandsstenar;0371-584470
Smålandsstenars Vårdcentral;Torggatan 4-6;33330;Smålandsstenar;0371-584000
Vårdcentralen Sollebrunn;Centrumgatan 6;46630;Sollebrunn;0322-83771
Sollefteå vårdcentral;Box 4201;88104;Sollefteå;0620-19450
5 Husläkare;Nytorpsvägen 10;19135;Sollentuna;08-12344660
Attundahälsans Familjeläkare;Glimmervägen 14;19131;Sollentuna;08-12099125
Edsbergs Vårdcentral;Edsbergs Torg 1;19252;Sollentuna;08-58730500
Norrvikens Vårdcentral;Vespergränd 31;19272;Sollentuna;08-12342100
Rotebro Vårdcentral;Kung Hans väg 12;19268;Sollentuna;08-58730600
Turebergs Vårdcentral;Nytorpsvägen 10;19135;Sollentuna;08-123363005
Bergshamra Ulriksdal vårdcentral;Björnstigen 34 B;17072;Solna;08-58731100
Capio Vårdcentral Solna;Hannebergsgatan 41;17168;Solna;08-51484800
Hagalund Frösunda vårdcentral;Hagalundsgatan 1;16965;Solna;08-58731250
Huvudsta vårdcentral;Storgatan 70;17152;Solna;08-40050600
Nya Västra Skogens Vårdcentral;Krysshammarvägen 12 A;17157;Solna;08-7303331
Råsunda Vårdcentral;Stråkvägen 7;16935;Solna;08-58731610
Solna Centrum Vårdcentral;Hotellgatan 3;17145;Solna;08-58731400
Solna Läkarmottagning;Erik Sandbergs gata 21;16934;Solna;08-7305805
Sorsele sjukstuga;Burevägen 13;92070;Sorsele;0952-14100
Sorunda Vårdcentral;SpångbroTorg 3;14870;Sorunda;08-12066566
Aleris vårdcentral Järva;Rinkebysvängen 70 B;16374;Spånga;08-6906530
Rinkeby vårdcentral;Skårbygränd 3;16372;Spånga;08-6876150
Spånga Vårdcentral;Sörgårdsvägen 10;16352;Spånga;08-12339300
Tensta Vårdcentral;Tenstagången 18 1 tr;16364;Spånga;08-12339200
Vårdcentralen Staffanstorp;Södergatan 2;24531;Staffanstorp;046-2751800
Stenhamra hälsocentral;Vallviksvägen 12;17961;Stenhamra;08-56047700
Vårdcentralen Stenstorp;Storgatan 14 A;52160;Stenstorp;0500-472950
Stenungstorgs Läkarhus;Nordanvindsgatan 14;44430;Stenungsund;0303-373800
Vårdcentralen Stenungsund;Jullen 3;44430;Stenungsund;010-4733220
Banérgatans Husläkarmottagning;Banérgatan 59 1/2tr ned;11553;Stockholm;08-54568560
Capio Vårdcentral Narvavägen;Box 24288;10451;Stockholm;08-12000970
Capio Vårdcentral Ringen;Ringvägen 113;11860;Stockholm;08-12000810
Carema Vårdcentral Södermalm;Wollmar Yxkullsgatan 25 4tr;11850;Stockholm;08-55510400
Curera Vårdcentral Hornstull;Hornsgatan 133;11728;Stockholm;08-4555500
Doktor Kom Hem AB;Lindhagensgatan 133;11251;Stockholm;08-6569700
Essinge Vårdcentral;Primusgatan 112;11267;Stockholm;08-6724000
Familjeläkargruppen Odenplan;Odengatan 69 10-11 tr;11322;Stockholm;08-58767610
Gamla Stans Vårdcentral;Lilla Nygatan 13;11128;Stockholm;08-221700
Gröndals Vårdcentral;Lövholmsvägen 33;11765;Stockholm;08-6818410
Gärdets vårdcentral;Sandhamnsgatan 4;11540;Stockholm;08-58753700
Hammarby Sjöstads husläkare;Hammarby Allé 93;12063;Stockholm;08-4622500
Hjorthagens Husläkarmottagning;Artemisgatan 10;11542;Stockholm;08-58753687
Husläkarmottagningen Serafen;Hantverkargatan 2 D 1 tr;11221;Stockholm;08-6724026
Kungsholmsdoktorn;Rålambsvägen 8 B;11259;Stockholm;08-58822910
Kvartersakuten Johannes;Döbelnsgatan 56 1 tr;11352;Stockholm;08-12342950
Kvartersakuten Matteus;Surbrunnsgatan 66 Plan 6;11327;Stockholm;08-58613300
Kvartersakuten Serafen;Hantverkargatan 2;11221;Stockholm;08-6721100
Kvartersakuten Surbrunnsgatan;Surbrunnsgatan 66 Plan 5;11327;Stockholm;08-6724000
Kvartersakuten Tegnérgatan;Tegnérgatan 23 5tr;11140;Stockholm;08-6723800
Liljeholmens vårdcentral;Liljeholmstorget 7 4tr;11794;Stockholm;08-6817500
Liljeholmskajens vårdcentral;Årstaängsvägen 21 B;11743;Stockholm;08-7090990
Lill-Jans Husläkarmottagning;Engelbrektsgatan 18;11432;Stockholm;08-54527290
Mottagningen Sjöstaden;Barnängsgatan 21;11641;Stockholm;08-51060940
Rosenlunds vårdcentral;Tideliusgatan 12 4tr;11869;Stockholm;08-6169400
Sankt Eriks Vårdcentral;Fleminggatan 24;11282;Stockholm;08-51986000
Sophiahemmets Husläkarmottagning;Box 5605;11486;Stockholm;08-4062230
Stockholms sjukhem Vårdcentral;Mariebergsgatan 22;11235;Stockholm;08-6171200
Stureplans Husläkarmottagning;Riddargatan 1 plan 3;11435;Stockholm;08-51007000
Söderdoktorn;Wollmar Yxkullsgatan 25 4tr;11850;Stockholm;08-6166130
Taptogatans Husläkarmottagning;Taptogatan 6;11526;Stockholm;08-4425060
To Care Vårdcentral;Sibyllegatan 30;11443;Stockholm;08-40022140
Åsö Vårdcentral;Åsögatan 160;11632;Stockholm;08-6914600
Arlanda Sky Clinic;Sky City;19046;Stockholm-Arlanda;08-7979300
Stocksunds vårdcentral;Stockholmsvägen 43;18278;Stocksund;08-6248750
Vårdcentralen Stora Höga;Högavägen 1;44460;Stora Höga;0303-726540
Vårdcentralen Storfors;Hammargatan 3;68830;Storfors;0550-65702
Storumans sjukstuga;Backvägen 2;92332;Storuman;0950-39000
Storviks Hälsocentral;Landsvägen 35;81230;Storvik;0290-34022
Storvreta vårdcentral;Ärentunavägen 9;74330;Storvreta;018-6118610
Stora vårdcentral;Kopparbergsvägen 17;71176;Stora;0581-84850
Strängnäs Vårdcentral;Finningevägen 40;64540;Strängnäs;0152-26090
Vårdcentralen Familjeläkarna AB;Seminarievägen 10;64533;Strängnäs;0152-26287
Vårdcentralen Kyrkbacken;Storgatan 13;64530;Strängnäs;0152-16093
Vårdcentralen Strömsnäsbruk;Wennerbergsgatan 16 K;28732;Strömsnäsbruk;0433-564810
Vårdcentralen Bohuslinden;Södra Hamngatan 4;45230;Strömstad;0526-18787
Vårdcentralen Strömstad;Västra Hamngatan 10-12;45237;Strömstad;0526-28000
Strömsunds hälsocentral;Lövbergavägen 37;83333;Strömsund;0670-16500
Vårdcentralen Stugun;Hansåkervägen 1;83076;Stugun;0695-10001
Vårdcentralen Styrsö;Brattenvägen 13;43084;Styrsö;031-7478050
Stöde vårdcentral;Gyllenvägen 6;86013;Stöde;0691-251070
Hallonbergens vårdcentral;Hallonbergsplan 5-7 3tr;17452;Sundbyberg;08-58731800
Rissne vårdcentral;RissneTorg 3;17457;Sundbyberg;08-58731501
Vårdcentralen Kronan;Sturegatan 4;17231;Sundbyberg;08-55550900
Ljustadalens vårdcentral;Söndagsvägen 4;86334;Sundsbruk;060-535350
Gillebergets vårdcentral;Medborgaregatan 30 D;85630;Sundsvall;060-135424
Granlo vårdcentral;Västra vägen 50;85740;Sundsvall;060-184951
Nacksta vårdcentral;Axvägen 15;85350;Sundsvall;060-183700
Sundsvalls Vårdcentral;Skiftesvägen 1;85463;Sundsvall;060-6581200
Vårdcentralen Centrum;Norrmalmsgatan 2;85234;Sundsvall;060-182410
VC Grangärde-Fredriksberg;Sjukstugevägen 3;77012;Sunnansjö;0240-495700
Vårdcentralen Sunne;Box 80;68622;Sunne;0565-47501
Ängsgårdens vårdcentral;Box 60;73522;Surahammar;0220-39700
Vårdcentralen Svalöv;Herrevadsgatan 11 A;26831;Svalöv;0418-651550
Hälsomedicinskt center i Svedala;Toftavägen 25;23335;Svedala;040-6239000
Svegs hälsocentral;Box 204;84222;Sveg;0680-16500
Vårdcentralen Svenljunga;Klockaregatan 3;51254;Svenljunga;0325-619100
Svenstaviks hälsocentral;Vallmovägen 2;84040;Svenstavik;0687-16500
Vårdcentralen Svärdsjö;Björkvägen 2;79023;Svärdsjö;0246-491500
Svea Vårdcentral;Sundsgatan 1 B;66140;Säffle;0533-81370
Vårdcentralen Säffle;Sundsgatan 1;66140;Säffle;0533-81175
Vårdcentralen Salen;Centrumhuset;78067;Salen;0280-498482
Särna vårdcentral;Sjukstugevägen 450;79090;Särna;0253-498700
Särö vårdcentral;Furubergsvägen;42941;Särö;031-929550
Vårdcentralen Säter;Jönshyttevägen 1;78332;Säter;0225-494000
Sätila vårdcentral;Björlandavägen 3;51021;Sätila;0301-47565
Sävar hälsocentral;Kungsvägen 4 A;91831;Sävar;090-7854447
Allemanshälsans VC Sävedalen;Göteborgsvägen 74;43363;Sävedalen;031-3520650
Capio Vårdcentral Sävedalen;Vallhamra Torg;43365;Sävedalen;031-3402200
Sävsjö vårdcentral;Villagatan 14;57636;Sävsjö;0382-46600
Mitt Hjärta E-Hälsan HC;Stickvägen 2;82640;Söderhamn;0270-10000
Oxtorgets Hälsocentral;Rustkammargatan 1;82632;Söderhamn;0270-15420
Söderhamns hälsocentral;Söderhamns sjukhus;82681;Söderhamn;0270-77200
Vårdcentralen Söderköping;Östra Rydsvägen;61432;Söderköping;0121-34879
Carema Wasa Vårdcentral;Prästgårdsvägen 4;15161;Södertälje;08-55028800
Fornhöjdens Vårdcentrum AB;Fornhöjdsvägen 2;15258;Södertälje;08-55025380
Kringlans Vårdcentrum;Lovisinsgatan 3;15173;Södertälje;08-55020350
Lina Hage vårdcentral;Porslinsvägen 1;15155;Södertälje;08-55026700
Luna vårdcentral;Nygatan 16;15172;Södertälje;08-55025400
Ronna vårdcentral;Robert Anbergsväg 33;15153;Södertälje;08-55025065
Scania Hälsocenter Vårdcentral;Sydgatan 5;15138;Södertälje;08-55389800
Tallhöjdens vårdcentral;Tallhöjdsvägen 1;15241;Södertälje;08-55025200
Telgeakuten;Grödingevägen 21;15270;Södertälje;08-55442300
Tveta Hälsocentral;Björnövägen 2;15165;Södertälje;08-55420200
Vårdcentralen Badhotellet;Järnagatan 16;15173;Södertälje;08-50582300
Söderåkra Vårdcentral;Kyrkvägen 28;38551;Söderåkra;0486-21490
Vårdcentralen Södra Sandby;Revingevägen 2;24731;Södra Sandby;046-2752300
HälsoRingen i Sölvesborg;Gamla Skolgatan 1;29431;Sölvesborg;0456-648110
Valjehälsan;Box 94;29422;Sölvesborg;0456-32963
Vårdcentrum Ask;Box 18;29432;Sölvesborg;0456-731000
Söråkers Vårdcentral AB;Folkets husväg 5;86035;Söråker;060-46400
Vårdcentralen Sösdala;Föreningsgatan 5;28010;Sösdala;0451-298110
Kvarterskliniken Tanum;Affärsvägen 3;45730;Tanumshede;0525-64040
Tanumshede vårdcentral;Ringvägen 1 A;45730;Tanumshede;0525-18500
DLM Tenhults Vårdcentral;Jönköpingsvägen 7;56029;Tenhult;036-324400
Tenhults Vårdcentral;Jönköpingsvägen 7;56029;Tenhult;036-324400
Vårdcentralen Tibro;Centrumgatan 11-17;54330;Tibro;0504-40300
Vårdcentralen Tändstickan;Västra Drottningvägen 11;52230;Tidaholm;0502-18011
Tidans vårdcentral;Tidanvägen 5;54931;Tidan;0500-495100
Tierps vårdcentral;Liljevägen 2;81537;Tierp;018-6110000
Kinnekullehälsan VC Timmersdala;Mariestadsvägen 2;54016;Timmersdala;0511-24530
Timrå vårdcentral Premicare;Köpmangatan 31;86131;Timrå;060-595500
Vårdcentralen Tingsryd;Storgatan 87;36230;Tingsryd;0477-794850
Vårdcentralen Tollarp;Särlagatan 15-17;29832;Tollarp;044-3090400
Novakliniken Tomelilla;Pilevallsgatan 2;27334;Tomelilla;0417-14650
Vårdcentralen Tomelilla;Malmövägen 9;27335;Tomelilla;0417-497800
Vårdcentralen Torsby;Lasarettsvägen 8;68534;Torsby;0560-47000
Vårdcentralen Torshälla;Germundsgatan 39;64430;Torshälla;016-104120
Capio Citykliniken Amhult;Gamla Flygplatsvägen 4;42337;Torslanda;031-3523000
Torslanda Läkarhus;Flygledarvägen 3;42337;Torslanda;031-7221150
Vårdcentralen Torslanda;Nordhagsvägen 2 A;42334;Torslanda;031-7478640
Torsås Hälsocentral;Badhusgatan 20;38530;Torsås;0486-41230
Vårdcentralen Torup;Gamla Nissastigen 27;31441;Torup;0345-48180
Tranemo vårdcentral;Storgatan 42;51434;Tranemo;0325-47220
Tranås Vårdcentrum;Norra Storgatan 101;57334;Tranås;0140-69600
Kattens Läkargrupp;Västergatan 14 B;23164;Trelleborg;0410-45670
Vårdcentralen Centrumkliniken;Fredsgatan 21 C;23151;Trelleborg;0410-359855
Vårdcentralen Fagerängen;Syster Jennys väg 2;23134;Trelleborg;0410-359800
Maria Alberts Vårdcentral;Djupebäcksgatan 21 C;46132;Trollhättan;0520-400100
Stavre Vårdcentral;Slättbergsvägen 56;46140;Trollhättan;0520-490101
Vårdcentralen Granngården;Lantmannavägen 92;46163;Trollhättan;0520-485000
Vårdcentralen Hjorten;Lasarettvägen 2;46152;Trollhättan;0520-474513
Vårdcentralen Källstorp;Strömsviksvägen 16;46159;Trollhättan;0520-494500
Vårdcentralen Primapraktiken;Nohabgatan 18;46153;Trollhättan;0520-494880
Trosa Vårdcentral;Tomtaklintgatan 2;61933;Trosa;0156-53503
Trångsunds vårdcentral;Trångsundstorget 9;14260;Trångsund;08-12345400
Läjeskliniken AB;Storgatan 44;43275;Träslövsläge;0340-670140
Tullinge Vårdcentral;Kvällsvägen 5;14631;Tullinge;08-12342400
Storvretens vårdcentral;Stenvågen 10;14750;Tumba;08-53067700
Tumba Vårdcentral;Samaritvägen 4;14741;Tumba;08-57836300
TungelstaHälsan;Tungelstavägen 135;13755;Tungelsta;08-50031140
Vårdcentralen Tvååker Tandemklin;Fogdevägen 1;43278;Tvååker;0340-482210
Bollmora Vårdcentral;Bollmoravägen 14;13540;Tyresö;08-7187200
Trollbäckens vårdcentral;Kumla Allé 5;13553;Tyresö;08-7187120
Tyresöhälsan Husläkare AB;Björkbacksvägen 10;13540;Tyresö;08-7424300
Vårdcentralen Åparken;Malmövägen 15;28232;Tyringe;0451-298150
Husläkarmottagning Täby Centrum;Biblioteksgången 5;18370;Täby;08-54473750
Näsby Parks Husläkarmottagning;Eskadervägen 4;18354;Täby;08-54440920
Täby Centrum Doktorn AB;Attundafältet 14;18334;Täby;08-6389800
Täby Kyrkby husläkarmottagning;Hagmovägen 1;18774;Täby;08-58808700
Täby Vårdcentral;Attundafältet 16;18334;Täby;08-12340840
Vallatorps Doktorn;Vallatorpsvägen 10;18752;Täby;08-51050135
Tärnaby sjukstuga;Granvägen 7;92064;Tärnaby;0954-14730
Vårdcentralen Töcksfors;Bögatan 3-5;67010;Töcksfors;0573-13250
Vårdcentralen Töreboda;Börstorpsgatan 9;54531;Töreboda;0500-431000
Carema Vårdcentral Uddevalla;Österled 2;45134;Uddevalla;0522-93320
Dalabergs vårdcentral;Lövskogsgatan 8;45172;Uddevalla;0522-92800
Herrestads vårdcentral;Lingatan 12;45175;Uddevalla;0522-92980
Skogslyckans Vårdcentral;Sunnanvindsvägen 8 B;45160;Uddevalla;0522-93400
Vårdcentralen Dagson;Södergatan 11;45140;Uddevalla;0522-92400
Vårdcentralen Silentzvägen;Silentzvägen 6;45150;Uddevalla;0522-39280
Vårdcentralen Ullared;Falkenbergsvägen 1;31060;Ullared;0346-56370
Vårdcentralen Höga Kusten;Vårdhemsvägen 2;87032;Ullånger;0613-711100
HälsoBrunnen Vårdcentral;Vistvägen 2;52337;Ulricehamn;0321-685400
Vårdcentralen Ulricehamn;Nygatan 7;52330;Ulricehamn;0321-29100
Backens Hälsocentral;Box 1442;90124;Umeå;090-7858355
Carema Hälsocentral Dragonen;Ridvägen 12;90325;Umeå;090-7859148
Citymottagningen;Västra Norrlandsgatan 18 B;90327;Umeå;090-7859321
Ersboda hälsocentral;Hälsogränd 3;90625;Umeå;090-7854457
Mariehems vårdcentral;Morkullevägen 9;90651;Umeå;090-7858305
Tegs Hälsocentral;Tegsplan 2;90420;Umeå;090-7854456
Ålidhems vårdcentral;Tvistevägen 2;90736;Umeå;090-7854458
Carema Vårdcentral Väsby;Dragonvägen 92;19433;Upplands Väsby;08-58733740
Runby vårdcentral;Runby torg 9;19404;Upplands Väsby;08-59099060
Veritaskliniken;Stora Wäsby;19437;Upplands Väsby;08-59006090
Östra vårdcentralen;Löwenströmska sjukhuset;19489;Upplands Väsby;08-12022700
Aleris vårdcentral Ingrid Marie;Knivstagatan 1;75323;Uppsala;018-681660
Aros Läkarmottagning;Götavägen 4;75236;Uppsala;018-696015
Carema Sävja Vårdcentral;Västgöta resan 64;75754;Uppsala;018-183700
Eriksbergs vårdcentral;Granitvägen 5;75243;Uppsala;018-6117900
Familjedoktorn;Sysslomansgatan 15 B;75314;Uppsala;018-551666
Flogsta vårdcentral;Flogstavägen 95;75272;Uppsala;018-6117681
Fålhagens Vårdcentral;Säbygatan 5;75323;Uppsala;018-183440
Gottsunda vårdcentral;Gottsunda centrum;75650;Uppsala;018-6117800
Husläkargruppen Luthagsgården;Wallingatan 10;75224;Uppsala;018-560200
Kungsgärdets vårdcentral;S:t Johannesgatan 28 A;75233;Uppsala;018-6117854
Liljeforstorgs vårdcentral;Gränby Bilgata 2;75431;Uppsala;018-6117550
Nyby vårdcentral;Heidenstamsgatan 69;75427;Uppsala;018-6117501
Rasbo Vårdcentral;Rasbo Gåvsta;75596;Uppsala;018-6118945
Samariterhemmets vårdcentral;Samariterhemmet;75320;Uppsala;018-6118900
Svartbäckens Vårdcentral;Svartbäcksgatan 52 A;75333;Uppsala;018-6117410
Ture Ålander Läkarpraktik AB;Bergsbrunnagatan 1;75323;Uppsala;018-601212
Årsta Vårdcentral;Sparrisgatan 1;75185;Uppsala;018-6118715
Vårdcentralen Vadstena;Jungfruvägen 5;59232;Vadstena;0141-77000
Vårdcentralen Vaggeryd;Lundavägen 23;56731;Vaggeryd;0393-40500
Valbo hälsocentral;Bäckvägen 5;81831;Valbo;026-157780
Valdemarsviks vårdcentral;Brogatan 4 C;61530;Valdemarsvik;010-1059290
Carema Husläkarna Vallda;Vallda Säteri;43492;Vallda;0300-25200
Husläkarmottagningen Korallen;Åby Gata 6;18636;Vallentuna;08-58754510
Vallentuna Doktorn;Centrumpassagen 10;18631;Vallentuna;08-51186670
Vallentuna Husläkargrupp;Åby gata 6;18636;Vallentuna;08-51170620
Vårdcentralen Vansbro;Moravägen;78050;Vansbro;0281-498195
Vara Vårdcentrum;Allégatan 46;53423;Vara;0512-786100
Husläkarna i Varmbadhuset;Strandgatan 5;43244;Varberg;0340-675881
Navets Vårdcentral;Birger Svenssons väg 28;43240;Varberg;0340-17500
Neptunuskliniken;Sjöallén 12;43244;Varberg;0340-16016
Vårdcentralen Håsten;Hästens torg 6;43230;Varberg;0340-482010
Vårdcentralen Västra Vall;Västra Vallgatan 14;43244;Varberg;0340-482100
Vårdcentralen Vargön;Nordkroksvägen 3;46830;Vargön;0521-223240
Vaxholms Vårdcentral;Kapellgatan 2;18531;Vaxholm;08-54171800
Novakliniken Veberöd;Postgatan 4;24762;Veberöd;046-258880
Vårdcentralen Veddige;Ringvägen 11;43267;Veddige;0340-482060
Vårdcentralen Vellinge;Box 53;23521;Vellinge;040-6239400
Vendelsö Vårdcentral;Skomakarvägen 20;13670;Vendelsö;08-6061500
Vårdcentralen Vessigebro;Ringvägen 15;31164;Vessigebro;0346-57100
Vetlanda Vårdcentral;Norrvägen 2 B;57434;Vetlanda;0383-732010
Vårdcentralen Aroma;Box 74;57421;Vetlanda;0383-732700
Vårdcentralen Vikbolandet;Bygdevägen 13;61024;Vikbolandet;011-224800
Vilhelmina sjukstuga;Volgsjövägen 37;91232;Vilhelmina;0940-15501
Vimmerby Hälsocentral;Drottninggatan 22;59884;Vimmerby;0492-17500
Vindelns Hälsocentral;Storvägen 56;92231;Vindeln;090-7854442
Vingåker Vårdcentral;Östra Torggatan 3;64330;Vingåker;0151-525400
Vårdcentralen Vinslöv;Vannebergavägen 34;28832;Vinslöv;044-3090500
Virserums vårdcentral;Södra Järnvägsgatan 5;57080;Virserum;0495-31005
Hansahälsan Vårdcentral;Herkulesvägen 9;62141;Visby;0498-656000
Klinte vårdcentral;;62184;Visby;0498-204762
Vårdcentralen Visborg;Visborgsallén 47;62150;Visby;0498-652300
Vårdcentralen Visby Norr;;62184;Visby;0498-268931
Vårdcentralen Wisby Söder;Brömsebrovägen 8;62142;Visby;0498-268000
Vårdcentralen Viskafors;Hagkällevägen 2;51534;Viskafors;033-290500
Vårdcentralen Vislanda;Gröna gatan 8-10;34250;Vislanda;0472-594400
Vittangi vårdcentral;Centralvägen 10;98010;Vittangi;0981-10560
Vårdcentralen Vittsjö;Hårsjövägen 6;28022;Vittsjö;0451-298220
Vrigstad Läkarmottagning;Box 50;57003;Vrigstad;0382-46800
Vuollerimmottagningen;Murjeksvägen 42 D;96030;Vuollerim;0976-77280
Vårdcentralen Vålberg;Brattgårdsgatan 36;66050;Vålberg;054-7708820
Vårby Vårdcentral;Botkyrkavägen 4 1 tr;14335;Vårby;08-57838800
Vårgårda vårdcentral;Centrumgatan 2;44731;Vårgårda;0322-666700
Väddö Vårdcentral;Centrumvägen 9;76040;Väddö;0176-328410
Råcksta Vällingby Närvårdsmott;Indalsbacken 2 plan 2;16268;Vällingby;08-870261
Västervården;Indalsbacken 1 3tr;16268;Vällingby;08-879212
Nordstans vårdcentral;Residensgatan 23;46230;Vänersborg;0521-262080
Torpa vårdcentral;Torpavägen 23;46236;Vänersborg;0521-278200
Vänerparkens vårdcentral;Edsvägen 3;46235;Vänersborg;0521-276240
Vännäs vårdcentral;Drottninggatan 4 B;91132;Vännäs;090-7854175
Vårdcentralen Nysäter;Nyströmsvägen 5;66195;Värmlands Nysäter;0533-81010
Vråens vårdcentral;Vråenvägen 31;33141;Värnamo;0370-697000
Väster Vårdcentral;Doktorsgatan;33185;Värnamo;0370-697000
Västerfärnebo läkarstation;Björkgårdsvägen;73070;Västerfärnebo;0224-740205
Hälsocentralen Akka;Box 74;13721;Västerhaninge;08-50073100
Esplanadens hälsocentral;Esplanaden 16;59332;Västervik;0490-87000
Familjecentrum Västervik;Box 14;59321;Västervik;0490-86220
Stora Trädgårdsgatans HC;Stora Trädgårdsgatan 39;59342;Västervik;0490-86012
Apalby Familjeläkare;Vasagatan 95;72223;Västerås;021-122060
Bäckby Familjeläkarenhet;Välljärnsgatan 492;72473;Västerås;021-174900
Carema Vårdcentral Vallby;Allmogeplatsen 33-35;72480;Västerås;021-3601000
Carema vårdcentral Västerås;Kopparbergsvägen 17 4 tr;72213;Västerås;021-3607700
CityPraktiken;Stora gatan 33;72212;Västerås;021-109680
Familjeläkarna Hemdal;Centrallasarettet;72189;Västerås;021-174030
Familjeläkarna Önsta-Gryta;Vildrosgatan 2;72244;Västerås;021-818800
Herrgärdets vårdcentral;Karlsgatan 17 A;72214;Västerås;021-174101
LäkarGruppen;Källgatan 10-14;72211;Västerås;021-150230
Odensvi Läkarmottagning;Odensviplatsen 2;72342;Västerås;021-152500
Oxbackens Familjeläkarmottagning;Repslagargatan 3;72460;Västerås;021-174700
Prima familjeläkarmottagning;Norra Källgatan 26;72211;Västerås;021-150380
Servicehälsans Familjeläkare AB;Legeringsgatan 2;72130;Västerås;021-196800
Vårdcentralen Viksäng-Irsta;Regementsgatan 2;72345;Västerås;021-174970
Allemanshälsans VC Frölunda;Lergöksgatan 2 B;42150;Västra Frölunda;031-3520610
JohannesVården;Trollbärsvägen 16;42655;Västra Frölunda;031-892930
Vårdcentralen Frölunda;Näverlursgatan 42;42144;Västra Frölunda;031-3460700
Vårdcentralen Opaltorget;Grevegårdsvägen 198 B;42161;Västra Frölunda;031-3460800
Västerledens vårdcentral;Grimmeredsvägen 145;42652;Västra Frölunda;031-695140
Vårdcentralen Birka;Birkagatan 24 A;35241;Växjö;0470-586850
Vårdcentralen Centrum;Norra Esplanaden 35;35231;Växjö;0470-589500
Vårdcentralen Dalbo;Brittsommarvägen 2 B;35237;Växjö;0470-586900
Vårdcentralen Hovshaga;Pomonavägen 2;35261;Växjö;0470-759100
Vårdcentralen Strandbjörket;Södra Esplanaden 2 C;35185;Växjö;0470-589750
Vårdcentralen Teleborg;Södra Vallviksvägen 1;35251;Växjö;0470-586770
Växjöhälsan vårdcentral;Lärkgatan 3;35232;Växjö;0470-705900
Novakliniken Ystad;Spanienfararegatan 2;27139;Ystad;0411-79680
Vårdcentralen Ystad;;27182;Ystad;0411-995900
Vårdcentralen Kusten Ytterby;Lekmannagatan 2;44250;Ytterby;0303-379700
Ytterhogdals hälsocentral;Ångevägen 19;84090;Ytterhogdal;0680-16494
Åby Vårdcentral;Nyköpingsvägen 28;61630;Åby;011-224600
Vårdcentralen Åhus;Sandvaktaregatan 15;29635;Åhus;044-3090150
Husläkarna i Margretelund;Muskötvägen 22;18460;Åkersberga;08-54087600
Husläkarna i Österåker;Stationsgränd 3;18427;Åkersberga;08-54402400
Österåkers Doktorn;Hackstavägen 22;18431;Åkersberga;08-54080160
Vårdcentralen Åmotfors;Älvuddsgatan 17;67040;Åmotfors;0571-12907
Balderkliniken;Södra Långgatan 12;66230;Åmål;0532-14000
Vårdcentralen Åmål;Södra Långgatan 3 B;66230;Åmål;0532-17900
Ånge vårdcentral;Bankgatan 1;84132;Ånge;0690-15650
Åre hälsocentral;Kurortsvägen 20;83013;Åre;0647-16600
Vårdcentralen Årjäng;Box 901;67229;Årjäng;0573-14950
Capio Vårdcentral Årsta;Bränningevägen 2;12054;Årsta;08-12000930
Åsa Vårdcentral;Pölagårdsvägen 27;43954;Åsa;0340-649000
Vårdcentralen Hälsans Hus;Hälsans väg 2;36070;Åseda;0474-644120
Vårdcentralen Åseda;Torggatan 2;36070;Åseda;0474-499800
Åsele sjukstuga;Bryggaregatan 11;91060;Åsele;0941-14300
Familjehälsan i Åstorp;Storgatan 30;26534;Åstorp;042-50270
Vårdcentralen Åstorp;Esplanaden 32;26534;Åstorp;042-4060200
Vårdcentralen Åtvidaberg;Ingatorpsvägen 4 A;59743;Åtvidaberg;010-1059730
HälsoRingens Vårdcentral Älmhult;Gotthards gata 5;34336;Älmhult;0476-646600
Vårdcentralen Älmhult;Kungsgatan 14;34332;Älmhult;0476-672300
ÄltaPraktiken;Oxelvägen 42;13830;Älta;08-4484500
Älvdalens vårdcentral;Furuvägen 12;79630;Älvdalen;0251-498600
Älvsbyns vårdcentral;Box 117;94221;Älvsbyn;0929-16500
Lisebergs Vårdcentral;Annebodavägen 4-6;12571;Älvsjö;08-57836600
Älvsjö vårdcentral;Solberga Hagväg 1;12544;Älvsjö;08-12336100
Vårdcentralen Älvängen;Göteborgsvägen 26;44635;Älvängen;010-4733550
Capio Citykliniken Ängelholm;Södra Vägen;26252;Ängelholm;0431-474050
Läkargården;Midgårdsgatan 1;26271;Ängelholm;0770-457999
Läkarhuset Roslunda;Errarpsvägen 3;26262;Ängelholm;0431-449450
Vårdcentralen Laxen;Sockerbruksgatan 8;26264;Ängelholm;0431-587100
Öckerö Vårdcentral;Björnhuvudsvägen 54;47531;Öckerö;010-4733970
Vårdcentralen Ödeshög;Skolgatan 3-7;59931;Ödeshög;010-1059920
Öjebyns vårdcentral;Hällanvägen 11;94335;Öjebyn;0911-76900
Adolfsbergs vårdcentral;Lindhultsvägen 2;70230;Örebro;019-6022930
Brickebackens vårdcentral;Granrisvägen 23;70235;Örebro;019-6024311
Capio Citykliniken Haga;Skäpplandsgatan 31-33;70346;Örebro;019-6024465
Karla Vårdcentral;Älvtomtagatan 30;70342;Örebro;019-6029525
Lillans vårdcentral;Rödklövervägen 160;70375;Örebro;019-6024700
Mikaeli vårdcentral;Hjalmar Bergmans väg 5;70359;Örebro;019-6024800
Olaus Petri vårdcentral;Ribbingsgatan 6-8;70363;Örebro;019-6023401
Skebäcks Vårdcentral;Slussgatan 10-12;70215;Örebro;019-6022500
Tybble vårdcentral;Sörbyängsvägen 4;70218;Örebro;019-6028800
Varberga vårdcentral;Varbergagatan 75;70351;Örebro;019-6022977
Vivalla vårdcentral;Poesigatan 20 D;70371;Örebro;019-6024100
Ängens Vårdcentral;Landbotorpsallén 19;70226;Örebro;019-6020400
Öregrunds vårdcentral;Rådhusgatan 6;74242;Öregrund;0173-88012
Solljungahälsan;David Anders gata 7;28637;Örkelljunga;0435-782400
Vårdcentralen Örkelljunga;Marknadsgatan 1;28631;Örkelljunga;0435-666220
HumanResurs Vårdcentral;Älgvägen 17;89143;Örnsköldsvik;0660-222670
Vårdcentralen Ankaret;Sjukhusgatan 5;89134;Örnsköldsvik;0660-292700
Ö-viks Vårdcentral;Lasarettsgatan 9;89133;Örnsköldsvik;0660-231000
Örsundsbro vårdcentral;Tulpanvägen 10;74960;Örsundsbro;0171-417380
Ösmo Vårdcentral;Birkavägen 1;14830;Ösmo;08-52072000
Österbybruks vårdcentral;Parkvägen 7;74831;Österbybruk;0295-21800
Vårdcentralen Österbymo;Torggatan 2;57060;Österbymo;0381-669700
Färnebo hälsocentral;Åsvägen 3;81020;Österfärnebo;0291-20560
Lugnviks hälsocentral;;83183;Östersund;063-142275
Odensala hälsocentral;Klövervägen 2;83162;Östersund;063-142200
Torvalla hälsocentral;Nävervägen 17;83172;Östersund;063-142250
Zätagränds hälsocentral;Zätagränd 1;83131;Östersund;063-142160
Östervåla vårdcentral;Åbygränd 2;74046;Östervåla;018-6110850
Östhammars vårdcentral;Östhammars vårdcentral;74234;Östhammar;0173-88000
Överkalix Vårdcentral;Tallviksvägen 13 A;95632;Överkalix;0926-79800
Övertorneå vårdcentral;Bergsgatan 2;95731;Övertorneå;0927-79700
